businessID,businessName,sector,isVerified,trustScore,totalSubmissions,qfintrustComposite,registrationDate,readinessScore,readinessTier,esgComposite,esgTier,creditScore,loanDecision
SME_00001,Golden Payments Solutions,FinTech,True,49,0,0,2026-06-10T07:09:23,74.37,A,75.74,A,710,APPROVE
SME_00002,Nova Bakery Foods,Food,True,49,0,0,2026-06-10T07:09:23,84.63,A,93.04,A,804,APPROVE
SME_00003,Ever Dyeing Care,Textile,False,50,0,0,2026-06-10T07:09:23,48.37,C,52.09,B,561,CONDITIONAL REVIEW
SME_00004,Nova Diagnostics Digital,Healthcare,True,51,1,0,2026-06-10T07:09:23,46.03,C,63.99,B,659,APPROVE
SME_00005,Smart Electronics Hub,Retail,True,51,1,0,2026-06-10T07:09:23,67.58,B,75.44,A,739,APPROVE
SME_00006,Future Fabric Enterprises,Textile,True,51,1,0,2026-06-10T07:09:24,73.01,A,79.31,A,733,APPROVE
SME_00007,Urban Clinic Textiles,Healthcare,True,51,1,0,2026-06-10T07:09:24,54.71,B,67.92,B,710,APPROVE
SME_00008,Alpha Payments Enterprises,FinTech,True,50,0,0,2026-06-10T07:09:24,60.85,B,68.2,B,725,APPROVE
SME_00009,Vertex HomeGoods Digital,Retail,False,50,0,0,2026-06-10T07:09:24,49.47,C,56.93,B,565,CONDITIONAL REVIEW
SME_00010,Prime Bakery Textiles,Food,False,50,0,0,2026-06-10T07:09:24,70.13,A,68.55,B,640,CONDITIONAL REVIEW
SME_00011,Green AgroProcessing Digital,AgriTech,True,50,0,0,2026-06-10T07:09:24,58.99,B,73.05,A,668,APPROVE
SME_00012,Prime Garments Traders,Textile,False,50,0,0,2026-06-10T07:09:24,43.04,C,61.72,B,630,CONDITIONAL REVIEW
SME_00013,Fresh Warehousing Traders,Logistics,False,50,0,0,2026-06-10T07:09:24,32.25,C,44.63,C,528,FRAUD REVIEW
SME_00014,Blue AccountingTech Studio,FinTech,True,50,0,0,2026-06-10T07:09:24,79.01,A,87.97,A,814,APPROVE
SME_00015,Bright Bakery Digital,Food,False,50,0,0,2026-06-10T07:09:24,58.5,B,60.44,B,641,CONDITIONAL REVIEW
SME_00016,Nova Plastic Agro,Manufacturing,False,50,0,0,2026-06-10T07:09:24,57.98,B,66.55,B,635,CONDITIONAL REVIEW
SME_00017,Trust Beverage Studio,Food,True,50,0,0,2026-06-10T07:09:24,77.53,A,76.25,A,685,APPROVE
SME_00018,Blue Electronics Partners,Retail,False,50,0,0,2026-06-10T07:09:24,51.74,B,55.66,B,536,FRAUD REVIEW
SME_00019,Future SMEFinance Traders,FinTech,True,50,0,0,2026-06-10T07:09:24,71.75,A,70.52,A,735,APPROVE
SME_00020,Nova FleetServices Ventures,Logistics,True,50,0,0,2026-06-10T07:09:24,54.6,B,71.27,A,683,APPROVE
SME_00021,Alpha Clinic Partners,Healthcare,True,50,0,0,2026-06-10T07:09:24,46.8,C,72.12,A,737,APPROVE
SME_00022,Future FarmInputs Hub,AgriTech,False,50,0,0,2026-06-10T07:09:24,32.61,C,37.15,C,463,FRAUD REVIEW
SME_00023,Green Accessories Agro,Textile,True,50,0,0,2026-06-10T07:09:24,71.58,A,89.1,A,778,APPROVE
SME_00024,Trust Dyeing Ventures,Textile,False,50,0,0,2026-06-10T07:09:24,48.26,C,54.49,B,486,FRAUD REVIEW
SME_00025,Smart LendingTech Hub,FinTech,False,50,0,0,2026-06-10T07:09:24,77.3,A,74.45,A,743,FRAUD REVIEW
SME_00026,Urban Plastic Agro,Manufacturing,False,50,0,0,2026-06-10T07:09:24,37.01,C,57.95,B,611,FRAUD REVIEW
SME_00027,Bright Restaurant Textiles,Food,False,50,0,0,2026-06-10T07:09:24,44.07,C,50.51,B,556,CONDITIONAL REVIEW
SME_00028,Secure Grocery Mart,Retail,False,50,0,0,2026-06-10T07:09:24,41.29,C,52.12,B,496,FRAUD REVIEW
SME_00029,Green Fashion Hub,Retail,False,50,0,0,2026-06-10T07:09:24,41.08,C,58.98,B,583,CONDITIONAL REVIEW
SME_00030,Trust Clinic Agro,Healthcare,True,50,0,0,2026-06-10T07:09:24,61.59,B,78.83,A,736,APPROVE
SME_00031,Urban HealthServices Mart,Healthcare,True,50,0,0,2026-06-10T07:09:24,81.03,A,72.77,A,708,APPROVE
SME_00032,Fresh Garments Logistics,Textile,True,50,0,0,2026-06-10T07:09:24,61.53,B,72.3,A,700,APPROVE
SME_00033,Golden ColdStorage Foods,AgriTech,False,50,0,0,2026-06-10T07:09:24,30.12,C,45.09,C,469,REJECT
SME_00034,Bright ColdStorage Digital,AgriTech,True,50,0,0,2026-06-10T07:09:24,64.41,B,71.5,A,682,APPROVE
SME_00035,Bright ProcessedFood Textiles,Food,False,50,0,0,2026-06-10T07:09:24,50.58,B,65.99,B,578,CONDITIONAL REVIEW
SME_00036,Secure LightManufacturing Works,Manufacturing,True,50,0,0,2026-06-10T07:09:24,80.22,A,74.33,A,730,APPROVE
SME_00037,Smart HomeGoods Studio,Retail,True,50,0,0,2026-06-10T07:09:25,57.87,B,67.5,B,695,APPROVE
SME_00038,Blue Bakery Partners,Food,True,50,0,0,2026-06-10T07:09:25,51.06,B,66.26,B,695,APPROVE
SME_00039,Fresh Packaging Foods,Manufacturing,False,50,0,0,2026-06-10T07:09:25,51.03,B,56.65,B,582,CONDITIONAL REVIEW
SME_00040,Green Delivery Mart,Logistics,True,50,0,0,2026-06-10T07:09:25,49.05,C,70.96,A,667,APPROVE
SME_00041,Future ProcessedFood Textiles,Food,False,50,0,0,2026-06-10T07:09:25,68.1,B,66.44,B,636,CONDITIONAL REVIEW
SME_00042,Prime LendingTech Logistics,FinTech,False,50,0,0,2026-06-10T07:09:25,74.2,A,62.41,B,624,CONDITIONAL REVIEW
SME_00043,Alpha Diagnostics Hub,Healthcare,True,50,0,0,2026-06-10T07:09:25,75.67,A,70.18,A,705,APPROVE
SME_00044,Prime AgroProcessing Mart,AgriTech,False,50,0,0,2026-06-10T07:09:25,40.59,C,44.96,C,489,REJECT
SME_00045,Golden Payments Partners,FinTech,True,50,0,0,2026-06-10T07:09:25,64.74,B,77.86,A,786,APPROVE
SME_00046,Urban AccountingTech Digital,FinTech,True,50,0,0,2026-06-10T07:09:25,80.18,A,80.52,A,795,APPROVE
SME_00047,Smart ColdStorage Care,AgriTech,False,50,0,0,2026-06-10T07:09:25,42.44,C,59.02,B,558,FRAUD REVIEW
SME_00048,Green LightManufacturing Studio,Manufacturing,False,50,0,0,2026-06-10T07:09:25,56.53,B,54.24,B,530,FRAUD REVIEW
SME_00049,Ever Diagnostics Logistics,Healthcare,True,50,0,0,2026-06-10T07:09:25,58.32,B,75.05,A,747,APPROVE
SME_00050,Golden Fashion Traders,Retail,True,50,0,0,2026-06-10T07:09:25,71.28,A,83.05,A,744,APPROVE
SME_00051,Urban Packaging Traders,Manufacturing,False,50,0,0,2026-06-10T07:09:25,32.64,C,47.31,C,495,FRAUD REVIEW
SME_00052,Vertex Grocery Foods,Retail,True,50,0,0,2026-06-10T07:09:25,57.11,B,70.89,A,701,APPROVE
SME_00053,Future SMEFinance Care,FinTech,True,50,0,0,2026-06-10T07:09:25,59.62,B,64.9,B,679,APPROVE
SME_00054,Bright FleetServices Mart,Logistics,True,50,0,0,2026-06-10T07:09:25,63.3,B,69.53,B,677,APPROVE
SME_00055,Nova Diagnostics Studio,Healthcare,False,50,0,0,2026-06-10T07:09:25,46.78,C,61.81,B,598,CONDITIONAL REVIEW
SME_00056,Secure LendingTech Digital,FinTech,True,50,0,0,2026-06-10T07:09:25,77.34,A,81.97,A,787,APPROVE
SME_00057,Trust ProcessedFood Hub,Food,False,50,0,0,2026-06-10T07:09:25,37.12,C,34.94,C,507,REJECT
SME_00058,Ever Restaurant Works,Food,False,50,0,0,2026-06-10T07:09:25,58.77,B,55.76,B,558,FRAUD REVIEW
SME_00059,Ever Grocery Foods,Retail,False,50,0,0,2026-06-10T07:09:25,38.25,C,54.24,B,546,CONDITIONAL REVIEW
SME_00060,Future Fashion Digital,Retail,True,50,0,0,2026-06-10T07:09:25,76.2,A,80.5,A,750,APPROVE
SME_00061,Nova Warehousing Partners,Logistics,True,50,0,0,2026-06-10T07:09:25,68.84,B,69.37,B,697,APPROVE
SME_00062,Ever Restaurant Partners,Food,False,50,0,0,2026-06-10T07:09:25,40.95,C,57.62,B,612,CONDITIONAL REVIEW
SME_00063,Vertex Restaurant Foods,Food,True,50,0,0,2026-06-10T07:09:25,68.16,B,80.79,A,742,APPROVE
SME_00064,Ever HealthServices Digital,Healthcare,True,50,0,0,2026-06-10T07:09:25,75.09,A,73.24,A,719,APPROVE
SME_00065,Fresh SupplyChain Partners,Logistics,False,50,0,0,2026-06-10T07:09:25,50.34,B,65.73,B,614,FRAUD REVIEW
SME_00066,Prime ProcessedFood Agro,Food,False,50,0,0,2026-06-10T07:09:25,62.9,B,70.98,A,674,FRAUD REVIEW
SME_00067,Secure Restaurant Digital,Food,False,50,0,0,2026-06-10T07:09:25,47.43,C,62.02,B,617,CONDITIONAL REVIEW
SME_00068,Urban MetalWorks Agro,Manufacturing,False,50,0,0,2026-06-10T07:09:25,35.7,C,37.07,C,503,REJECT
SME_00069,Smart Fashion Traders,Retail,True,50,0,0,2026-06-10T07:09:26,55.97,B,75.82,A,725,APPROVE
SME_00070,Bright Restaurant Digital,Food,False,50,0,0,2026-06-10T07:09:26,41.87,C,46.05,C,502,REJECT
SME_00071,Golden LightManufacturing Partners,Manufacturing,True,50,0,0,2026-06-10T07:09:26,58.64,B,64.08,B,680,APPROVE
SME_00072,Trust ColdStorage Solutions,AgriTech,False,50,0,0,2026-06-10T07:09:26,59.95,B,70.71,A,640,CONDITIONAL REVIEW
SME_00073,Alpha Accessories Agro,Textile,True,50,0,0,2026-06-10T07:09:26,58.26,B,74.5,A,666,APPROVE
SME_00074,Nova MetalWorks Partners,Manufacturing,False,50,0,0,2026-06-10T07:09:26,37.78,C,53.22,B,530,FRAUD REVIEW
SME_00075,Ever Fashion Hub,Retail,True,50,0,0,2026-06-10T07:09:26,68.62,B,75.33,A,719,APPROVE
SME_00076,Smart Plastic Agro,Manufacturing,False,50,0,0,2026-06-10T07:09:26,39.57,C,57.18,B,596,FRAUD REVIEW
SME_00077,Bright MetalWorks Traders,Manufacturing,True,50,0,0,2026-06-10T07:09:26,72.17,A,80.26,A,775,APPROVE
SME_00078,Alpha Warehousing Traders,Logistics,True,50,0,0,2026-06-10T07:09:26,74.41,A,77.52,A,709,APPROVE
SME_00079,Future Beverage Works,Food,False,50,0,0,2026-06-10T07:09:26,24.44,D,35.96,C,449,FRAUD REVIEW
SME_00080,Smart SMEFinance Ventures,FinTech,False,50,0,0,2026-06-10T07:09:26,52.9,B,70.11,A,727,FRAUD REVIEW
SME_00081,Ever SupplyChain Ventures,Logistics,True,50,0,0,2026-06-10T07:09:26,78.85,A,79.36,A,706,APPROVE
SME_00082,Future FarmInputs Agro,AgriTech,False,50,0,0,2026-06-10T07:09:26,41.6,C,53.79,B,559,CONDITIONAL REVIEW
SME_00083,Nova LendingTech Textiles,FinTech,True,50,0,0,2026-06-10T07:09:26,53.91,B,73.53,A,740,APPROVE
SME_00084,Golden Electronics Traders,Retail,True,50,0,0,2026-06-10T07:09:26,64.94,B,65.47,B,738,APPROVE
SME_00085,Urban Electronics Agro,Retail,True,50,0,0,2026-06-10T07:09:26,46.81,C,65.51,B,682,APPROVE
SME_00086,Rapid Grocery Digital,Retail,False,50,0,0,2026-06-10T07:09:26,48.3,C,66.99,B,654,CONDITIONAL REVIEW
SME_00087,Smart HealthServices Textiles,Healthcare,True,50,0,0,2026-06-10T07:09:26,65.12,B,78.79,A,727,APPROVE
SME_00088,Alpha Beverage Solutions,Food,True,50,0,0,2026-06-10T07:09:26,63.8,B,72.3,A,675,APPROVE
SME_00089,Smart Grocery Solutions,Retail,True,50,0,0,2026-06-10T07:09:26,65.42,B,74.78,A,710,APPROVE
SME_00090,Fresh Restaurant Mart,Food,True,50,0,0,2026-06-10T07:09:26,70.73,A,76.84,A,699,APPROVE
SME_00091,Golden Electronics Foods,Retail,True,50,0,0,2026-06-10T07:09:26,71.86,A,79.3,A,717,APPROVE
SME_00092,Urban HealthServices Enterprises,Healthcare,False,50,0,0,2026-06-10T07:09:26,38.75,C,56.89,B,584,FRAUD REVIEW
SME_00093,Smart Bakery Foods,Food,True,50,0,0,2026-06-10T07:09:26,54.25,B,64.58,B,702,APPROVE
SME_00094,Ever AgroProcessing Textiles,AgriTech,False,50,0,0,2026-06-10T07:09:26,56.93,B,59.95,B,552,CONDITIONAL REVIEW
SME_00095,Urban LightManufacturing Mart,Manufacturing,True,50,0,0,2026-06-10T07:09:26,67.62,B,81.29,A,757,APPROVE
SME_00096,Future Warehousing Textiles,Logistics,False,50,0,0,2026-06-10T07:09:26,46.14,C,66.83,B,649,CONDITIONAL REVIEW
SME_00097,Alpha FarmInputs Textiles,AgriTech,False,50,0,0,2026-06-10T07:09:26,58.36,B,58.27,B,561,CONDITIONAL REVIEW
SME_00098,Smart HomeGoods Agro,Retail,False,50,0,0,2026-06-10T07:09:26,62.22,B,66.32,B,621,CONDITIONAL REVIEW
SME_00099,Future Fashion Foods,Retail,False,50,0,0,2026-06-10T07:09:26,54.03,B,61.46,B,616,CONDITIONAL REVIEW
SME_00100,Trust Accessories Solutions,Textile,False,50,0,0,2026-06-10T07:09:26,71.86,A,71.89,A,628,CONDITIONAL REVIEW
SME_00101,Fresh Accessories Agro,Textile,False,50,0,0,2026-06-10T07:09:27,50.57,B,59.2,B,584,FRAUD REVIEW
SME_00102,Future HealthServices Studio,Healthcare,False,50,0,0,2026-06-10T07:09:27,50.34,B,59.88,B,624,CONDITIONAL REVIEW
SME_00103,Rapid MetalWorks Logistics,Manufacturing,False,50,0,0,2026-06-10T07:09:27,46.89,C,57.69,B,601,FRAUD REVIEW
SME_00104,Vertex Garments Agro,Textile,False,50,0,0,2026-06-10T07:09:27,41.3,C,57.76,B,609,FRAUD REVIEW
SME_00105,Green Payments Digital,FinTech,True,50,0,0,2026-06-10T07:09:27,54.68,B,66.01,B,675,APPROVE
SME_00106,Vertex Pharmacy Mart,Healthcare,False,50,0,0,2026-06-10T07:09:27,58.97,B,64.29,B,663,FRAUD REVIEW
SME_00107,Fresh ProcessedFood Mart,Food,True,50,0,0,2026-06-10T07:09:27,59.22,B,70.17,A,713,APPROVE
SME_00108,Secure LightManufacturing Ventures,Manufacturing,False,50,0,0,2026-06-10T07:09:27,55.69,B,70.59,A,633,CONDITIONAL REVIEW
SME_00109,Blue Grocery Mart,Retail,True,50,0,0,2026-06-10T07:09:27,53.46,B,70.73,A,693,APPROVE
SME_00110,Green Accessories Textiles,Textile,True,50,0,0,2026-06-10T07:09:27,49.67,C,73.54,A,715,APPROVE
SME_00111,Golden Restaurant Ventures,Food,False,50,0,0,2026-06-10T07:09:27,41.42,C,56.41,B,579,FRAUD REVIEW
SME_00112,Rapid Packaging Foods,Manufacturing,True,50,0,0,2026-06-10T07:09:27,82.08,A,77.8,A,748,APPROVE
SME_00113,Ever LightManufacturing Hub,Manufacturing,False,50,0,0,2026-06-10T07:09:27,36.77,C,55.38,B,571,CONDITIONAL REVIEW
SME_00114,Ever FleetServices Mart,Logistics,True,50,0,0,2026-06-10T07:09:27,62.63,B,76.48,A,719,APPROVE
SME_00115,Golden Plastic Studio,Manufacturing,False,50,0,0,2026-06-10T07:09:27,49.24,C,50.21,B,576,FRAUD REVIEW
SME_00116,Trust Garments Mart,Textile,True,50,0,0,2026-06-10T07:09:27,64.7,B,73.77,A,683,APPROVE
SME_00117,Future Pharmacy Agro,Healthcare,False,50,0,0,2026-06-10T07:09:27,46.25,C,47.37,C,573,FRAUD REVIEW
SME_00118,Fresh Diagnostics Solutions,Healthcare,True,50,0,0,2026-06-10T07:09:27,46.11,C,70.1,A,718,APPROVE
SME_00119,Bright Restaurant Textiles,Food,False,50,0,0,2026-06-10T07:09:27,40.89,C,46.33,C,497,FRAUD REVIEW
SME_00120,Secure FleetServices Digital,Logistics,True,50,0,0,2026-06-10T07:09:27,84.64,A,82.9,A,757,APPROVE
SME_00121,Rapid Warehousing Ventures,Logistics,False,50,0,0,2026-06-10T07:09:27,54.51,B,66.32,B,585,CONDITIONAL REVIEW
SME_00122,Smart Delivery Solutions,Logistics,True,50,0,0,2026-06-10T07:09:27,57.71,B,68.72,B,706,APPROVE
SME_00123,Future Grocery Enterprises,Retail,True,50,0,0,2026-06-10T07:09:27,69.12,B,89.75,A,801,APPROVE
SME_00124,Trust Beverage Traders,Food,True,50,0,0,2026-06-10T07:09:27,56.3,B,74.65,A,702,APPROVE
SME_00125,Trust Fashion Enterprises,Retail,False,50,0,0,2026-06-10T07:09:27,57.27,B,62.73,B,680,FRAUD REVIEW
SME_00126,Fresh Bakery Enterprises,Food,False,50,0,0,2026-06-10T07:09:27,39.05,C,51.87,B,533,FRAUD REVIEW
SME_00127,Vertex ColdStorage Textiles,AgriTech,False,50,0,0,2026-06-10T07:09:27,40.75,C,43.69,C,502,REJECT
SME_00128,Alpha Grocery Partners,Retail,False,50,0,0,2026-06-10T07:09:27,43.3,C,58.31,B,646,CONDITIONAL REVIEW
SME_00129,Alpha Electronics Foods,Retail,True,50,0,0,2026-06-10T07:09:27,62.68,B,73.32,A,666,APPROVE
SME_00130,Ever Delivery Enterprises,Logistics,True,50,0,0,2026-06-10T07:09:27,57.32,B,71.42,A,733,APPROVE
SME_00131,Secure Plastic Digital,Manufacturing,False,50,0,0,2026-06-10T07:09:27,43.22,C,58.47,B,574,CONDITIONAL REVIEW
SME_00132,Prime Garments Textiles,Textile,False,50,0,0,2026-06-10T07:09:27,59.25,B,58.04,B,593,CONDITIONAL REVIEW
SME_00133,Green Delivery Traders,Logistics,False,50,0,0,2026-06-10T07:09:28,33.91,C,51.43,B,537,FRAUD REVIEW
SME_00134,Prime DairySupport Enterprises,AgriTech,False,50,0,0,2026-06-10T07:09:28,47.03,C,59.58,B,621,CONDITIONAL REVIEW
SME_00135,Urban Delivery Partners,Logistics,False,50,0,0,2026-06-10T07:09:28,32.2,C,50.38,B,523,CONDITIONAL REVIEW
SME_00136,Bright Electronics Traders,Retail,True,50,0,0,2026-06-10T07:09:28,55.62,B,70.56,A,703,APPROVE
SME_00137,Rapid Fabric Hub,Textile,True,50,0,0,2026-06-10T07:09:28,58.36,B,77.7,A,711,APPROVE
SME_00138,Urban Beverage Care,Food,False,50,0,0,2026-06-10T07:09:28,59.19,B,69.65,B,715,FRAUD REVIEW
SME_00139,Ever AccountingTech Solutions,FinTech,True,50,0,0,2026-06-10T07:09:28,71.9,A,84.28,A,798,APPROVE
SME_00140,Green Grocery Mart,Retail,False,50,0,0,2026-06-10T07:09:28,47.49,C,62.45,B,580,CONDITIONAL REVIEW
SME_00141,Green Beverage Traders,Food,False,50,0,0,2026-06-10T07:09:28,49.06,C,64.18,B,590,CONDITIONAL REVIEW
SME_00142,Alpha Restaurant Digital,Food,False,50,0,0,2026-06-10T07:09:28,50.88,B,58.58,B,570,CONDITIONAL REVIEW
SME_00143,Ever Fabric Logistics,Textile,False,50,0,0,2026-06-10T07:09:28,26.47,D,40.28,C,460,REJECT
SME_00144,Alpha FleetServices Care,Logistics,True,50,0,0,2026-06-10T07:09:28,61.86,B,78.0,A,721,APPROVE
SME_00145,Golden Beverage Ventures,Food,False,50,0,0,2026-06-10T07:09:28,33.65,C,45.36,C,499,FRAUD REVIEW
SME_00146,Prime MetalWorks Enterprises,Manufacturing,True,50,0,0,2026-06-10T07:09:28,54.62,B,72.36,A,730,APPROVE
SME_00147,Rapid DairySupport Logistics,AgriTech,False,50,0,0,2026-06-10T07:09:28,73.79,A,65.11,B,609,CONDITIONAL REVIEW
SME_00148,Green Beverage Hub,Food,False,50,0,0,2026-06-10T07:09:28,43.84,C,51.36,B,492,FRAUD REVIEW
SME_00149,Urban Bakery Logistics,Food,False,50,0,0,2026-06-10T07:09:28,33.56,C,46.7,C,510,REJECT
SME_00150,Golden Electronics Partners,Retail,True,50,0,0,2026-06-10T07:09:28,68.43,B,80.37,A,710,APPROVE
SME_00151,Future AccountingTech Mart,FinTech,True,50,0,0,2026-06-10T07:09:28,66.16,B,72.07,A,759,APPROVE
SME_00152,Urban Garments Studio,Textile,False,50,0,0,2026-06-10T07:09:28,56.51,B,57.76,B,614,FRAUD REVIEW
SME_00153,Trust Grocery Works,Retail,False,50,0,0,2026-06-10T07:09:28,50.21,B,56.26,B,630,CONDITIONAL REVIEW
SME_00154,Future Bakery Traders,Food,False,50,0,0,2026-06-10T07:09:28,37.92,C,53.66,B,544,CONDITIONAL REVIEW
SME_00155,Golden Electronics Partners,Retail,False,50,0,0,2026-06-10T07:09:28,48.77,C,58.74,B,578,CONDITIONAL REVIEW
SME_00156,Bright Warehousing Hub,Logistics,False,50,0,0,2026-06-10T07:09:28,63.77,B,68.85,B,613,CONDITIONAL REVIEW
SME_00157,Trust LightManufacturing Solutions,Manufacturing,False,50,0,0,2026-06-10T07:09:28,43.9,C,53.49,B,548,FRAUD REVIEW
SME_00158,Blue Delivery Care,Logistics,False,50,0,0,2026-06-10T07:09:28,51.18,B,64.09,B,645,CONDITIONAL REVIEW
SME_00159,Urban Clinic Ventures,Healthcare,True,50,0,0,2026-06-10T07:09:28,90.36,A,92.79,A,813,APPROVE
SME_00160,Alpha Diagnostics Agro,Healthcare,True,50,0,0,2026-06-10T07:09:28,49.71,C,68.68,B,673,APPROVE
SME_00161,Nova Fashion Textiles,Retail,False,50,0,0,2026-06-10T07:09:28,36.16,C,45.4,C,506,REJECT
SME_00162,Rapid Garments Partners,Textile,False,50,0,0,2026-06-10T07:09:28,46.2,C,48.76,C,574,CONDITIONAL REVIEW
SME_00163,Ever MetalWorks Studio,Manufacturing,False,50,0,0,2026-06-10T07:09:28,59.31,B,61.85,B,635,CONDITIONAL REVIEW
SME_00164,Smart Fashion Logistics,Retail,False,50,0,0,2026-06-10T07:09:28,62.74,B,59.54,B,624,FRAUD REVIEW
SME_00165,Rapid Restaurant Studio,Food,False,50,0,0,2026-06-10T07:09:29,49.12,C,55.41,B,540,CONDITIONAL REVIEW
SME_00166,Trust ColdStorage Agro,AgriTech,True,50,0,0,2026-06-10T07:09:29,75.9,A,76.5,A,715,APPROVE
SME_00167,Urban SMEFinance Care,FinTech,False,50,0,0,2026-06-10T07:09:29,57.58,B,55.76,B,599,FRAUD REVIEW
SME_00168,Trust AccountingTech Foods,FinTech,True,50,0,0,2026-06-10T07:09:29,68.67,B,77.26,A,779,APPROVE
SME_00169,Golden FarmInputs Traders,AgriTech,False,50,0,0,2026-06-10T07:09:29,54.79,B,51.76,B,534,CONDITIONAL REVIEW
SME_00170,Nova Accessories Care,Textile,False,50,0,0,2026-06-10T07:09:29,40.81,C,51.25,B,569,CONDITIONAL REVIEW
SME_00171,Secure Plastic Hub,Manufacturing,False,50,0,0,2026-06-10T07:09:29,43.1,C,62.24,B,639,FRAUD REVIEW
SME_00172,Urban Beverage Agro,Food,True,50,0,0,2026-06-10T07:09:29,74.49,A,94.12,A,808,APPROVE
SME_00173,Urban Packaging Solutions,Manufacturing,False,50,0,0,2026-06-10T07:09:29,43.05,C,47.8,C,554,FRAUD REVIEW
SME_00174,Smart Fabric Works,Textile,False,50,0,0,2026-06-10T07:09:29,52.13,B,63.7,B,637,CONDITIONAL REVIEW
SME_00175,Future Fashion Foods,Retail,False,50,0,0,2026-06-10T07:09:29,40.93,C,45.68,C,573,CONDITIONAL REVIEW
SME_00176,Fresh Fashion Works,Retail,False,50,0,0,2026-06-10T07:09:29,64.56,B,66.8,B,637,CONDITIONAL REVIEW
SME_00177,Rapid Beverage Foods,Food,False,50,0,0,2026-06-10T07:09:29,48.56,C,67.06,B,638,CONDITIONAL REVIEW
SME_00178,Vertex Dyeing Agro,Textile,False,50,0,0,2026-06-10T07:09:29,51.06,B,51.65,B,541,FRAUD REVIEW
SME_00179,Golden Accessories Studio,Textile,False,50,0,0,2026-06-10T07:09:29,52.41,B,58.49,B,616,CONDITIONAL REVIEW
SME_00180,Blue HealthServices Studio,Healthcare,True,50,0,0,2026-06-10T07:09:29,49.37,C,70.96,A,739,APPROVE
SME_00181,Prime Accessories Traders,Textile,False,50,0,0,2026-06-10T07:09:29,38.85,C,63.44,B,636,FRAUD REVIEW
SME_00182,Golden Garments Ventures,Textile,False,50,0,0,2026-06-10T07:09:29,47.15,C,60.69,B,581,CONDITIONAL REVIEW
SME_00183,Golden Bakery Hub,Food,True,50,0,0,2026-06-10T07:09:29,79.41,A,84.3,A,754,APPROVE
SME_00184,Vertex AgroProcessing Foods,AgriTech,False,50,0,0,2026-06-10T07:09:29,52.43,B,54.74,B,582,FRAUD REVIEW
SME_00185,Alpha SMEFinance Works,FinTech,True,50,0,0,2026-06-10T07:09:29,84.8,A,82.42,A,800,APPROVE
SME_00186,Prime FleetServices Logistics,Logistics,False,50,0,0,2026-06-10T07:09:29,59.86,B,64.88,B,643,CONDITIONAL REVIEW
SME_00187,Vertex AgroProcessing Hub,AgriTech,False,50,0,0,2026-06-10T07:09:29,55.51,B,67.22,B,645,CONDITIONAL REVIEW
SME_00188,Ever Electronics Mart,Retail,False,50,0,0,2026-06-10T07:09:29,41.17,C,58.39,B,581,CONDITIONAL REVIEW
SME_00189,Blue Diagnostics Ventures,Healthcare,False,50,0,0,2026-06-10T07:09:29,45.56,C,60.84,B,633,FRAUD REVIEW
SME_00190,Fresh Plastic Works,Manufacturing,True,50,0,0,2026-06-10T07:09:29,63.69,B,75.81,A,768,APPROVE
SME_00191,Trust Accessories Logistics,Textile,False,50,0,0,2026-06-10T07:09:29,34.45,C,49.42,C,517,FRAUD REVIEW
SME_00192,Trust Plastic Solutions,Manufacturing,True,50,0,0,2026-06-10T07:09:29,74.35,A,78.81,A,736,APPROVE
SME_00193,Blue HomeGoods Studio,Retail,False,50,0,0,2026-06-10T07:09:29,63.7,B,64.98,B,645,CONDITIONAL REVIEW
SME_00194,Ever AccountingTech Works,FinTech,True,50,0,0,2026-06-10T07:09:29,86.07,A,84.81,A,809,APPROVE
SME_00195,Trust Grocery Studio,Retail,False,50,0,0,2026-06-10T07:09:29,34.28,C,48.1,C,508,REJECT
SME_00196,Prime Packaging Hub,Manufacturing,False,50,0,0,2026-06-10T07:09:29,49.33,C,56.66,B,596,CONDITIONAL REVIEW
SME_00197,Alpha Warehousing Agro,Logistics,False,50,0,0,2026-06-10T07:09:30,38.78,C,55.63,B,583,CONDITIONAL REVIEW
SME_00198,Green Garments Works,Textile,False,50,0,0,2026-06-10T07:09:30,48.07,C,61.56,B,627,FRAUD REVIEW
SME_00199,Smart Packaging Mart,Manufacturing,False,50,0,0,2026-06-10T07:09:30,60.94,B,68.66,B,656,CONDITIONAL REVIEW
SME_00200,Prime AgroProcessing Digital,AgriTech,False,50,0,0,2026-06-10T07:09:30,51.07,B,58.64,B,583,CONDITIONAL REVIEW
SME_00201,Ever Payments Ventures,FinTech,False,50,0,0,2026-06-10T07:09:30,37.33,C,55.46,B,563,CONDITIONAL REVIEW
SME_00202,Smart Garments Foods,Textile,False,50,0,0,2026-06-10T07:09:30,50.34,B,66.43,B,596,CONDITIONAL REVIEW
SME_00203,Secure Bakery Partners,Food,False,50,0,0,2026-06-10T07:09:30,45.51,C,66.75,B,611,CONDITIONAL REVIEW
SME_00204,Blue Electronics Solutions,Retail,False,50,0,0,2026-06-10T07:09:30,39.7,C,52.74,B,527,CONDITIONAL REVIEW
SME_00205,Ever Electronics Digital,Retail,True,50,0,0,2026-06-10T07:09:30,82.78,A,83.0,A,700,APPROVE
SME_00206,Nova Packaging Agro,Manufacturing,True,50,0,0,2026-06-10T07:09:30,72.8,A,68.58,B,667,APPROVE
SME_00207,Golden HomeGoods Foods,Retail,True,50,0,0,2026-06-10T07:09:30,67.71,B,81.66,A,739,APPROVE
SME_00208,Nova SupplyChain Agro,Logistics,False,50,0,0,2026-06-10T07:09:30,64.57,B,55.88,B,526,CONDITIONAL REVIEW
SME_00209,Nova Electronics Hub,Retail,True,50,0,0,2026-06-10T07:09:30,83.58,A,86.25,A,769,APPROVE
SME_00210,Fresh Beverage Solutions,Food,True,50,0,0,2026-06-10T07:09:30,63.23,B,75.04,A,682,APPROVE
SME_00211,Smart Clinic Studio,Healthcare,False,50,0,0,2026-06-10T07:09:30,65.89,B,67.99,B,682,FRAUD REVIEW
SME_00212,Bright Warehousing Care,Logistics,True,50,0,0,2026-06-10T07:09:30,61.35,B,71.68,A,705,APPROVE
SME_00213,Prime Packaging Partners,Manufacturing,False,50,0,0,2026-06-10T07:09:30,80.64,A,78.38,A,776,FRAUD REVIEW
SME_00214,Ever Payments Logistics,FinTech,True,50,0,0,2026-06-10T07:09:30,74.19,A,74.19,A,762,APPROVE
SME_00215,Alpha HealthServices Care,Healthcare,False,50,0,0,2026-06-10T07:09:30,46.73,C,56.44,B,624,CONDITIONAL REVIEW
SME_00216,Fresh Pharmacy Care,Healthcare,True,50,0,0,2026-06-10T07:09:30,53.64,B,74.77,A,745,APPROVE
SME_00217,Prime HomeGoods Studio,Retail,False,50,0,0,2026-06-10T07:09:30,52.84,B,57.9,B,560,CONDITIONAL REVIEW
SME_00218,Future Grocery Agro,Retail,True,50,0,0,2026-06-10T07:09:30,74.21,A,78.32,A,738,APPROVE
SME_00219,Trust Accessories Foods,Textile,True,50,0,0,2026-06-10T07:09:30,62.82,B,69.02,B,714,APPROVE
SME_00220,Urban DairySupport Foods,AgriTech,False,50,0,0,2026-06-10T07:09:30,58.45,B,66.06,B,623,CONDITIONAL REVIEW
SME_00221,Rapid Plastic Foods,Manufacturing,False,50,0,0,2026-06-10T07:09:30,58.86,B,50.04,B,566,CONDITIONAL REVIEW
SME_00222,Urban Restaurant Textiles,Food,False,50,0,0,2026-06-10T07:09:30,49.23,C,50.43,B,542,CONDITIONAL REVIEW
SME_00223,Smart FleetServices Studio,Logistics,False,50,0,0,2026-06-10T07:09:30,37.0,C,48.69,C,517,REJECT
SME_00224,Blue Fabric Studio,Textile,False,50,0,0,2026-06-10T07:09:30,52.56,B,56.82,B,582,CONDITIONAL REVIEW
SME_00225,Rapid LightManufacturing Partners,Manufacturing,False,50,0,0,2026-06-10T07:09:30,53.37,B,57.58,B,611,CONDITIONAL REVIEW
SME_00226,Prime Garments Logistics,Textile,False,50,0,0,2026-06-10T07:09:30,44.03,C,54.7,B,562,FRAUD REVIEW
SME_00227,Blue Grocery Logistics,Retail,True,50,0,0,2026-06-10T07:09:30,69.56,B,73.48,A,730,APPROVE
SME_00228,Bright Bakery Solutions,Food,False,50,0,0,2026-06-10T07:09:30,55.47,B,63.21,B,615,CONDITIONAL REVIEW
SME_00229,Secure Delivery Ventures,Logistics,False,50,0,0,2026-06-10T07:09:31,52.48,B,57.02,B,581,CONDITIONAL REVIEW
SME_00230,Bright HomeGoods Enterprises,Retail,False,50,0,0,2026-06-10T07:09:31,60.41,B,64.1,B,622,CONDITIONAL REVIEW
SME_00231,Vertex Electronics Care,Retail,False,50,0,0,2026-06-10T07:09:31,44.7,C,59.6,B,583,CONDITIONAL REVIEW
SME_00232,Urban Bakery Studio,Food,False,50,0,0,2026-06-10T07:09:31,38.92,C,52.67,B,560,CONDITIONAL REVIEW
SME_00233,Ever Garments Mart,Textile,True,50,0,0,2026-06-10T07:09:31,51.36,B,71.91,A,722,APPROVE
SME_00234,Future Warehousing Digital,Logistics,True,50,0,0,2026-06-10T07:09:31,70.09,A,79.99,A,732,APPROVE
SME_00235,Golden Garments Hub,Textile,False,50,0,0,2026-06-10T07:09:31,65.11,B,63.4,B,616,CONDITIONAL REVIEW
SME_00236,Smart Payments Foods,FinTech,True,50,0,0,2026-06-10T07:09:31,88.74,A,92.82,A,840,APPROVE
SME_00237,Secure Restaurant Logistics,Food,False,50,0,0,2026-06-10T07:09:31,42.3,C,60.84,B,554,FRAUD REVIEW
SME_00238,Golden SMEFinance Studio,FinTech,True,50,0,0,2026-06-10T07:09:31,69.9,B,76.83,A,750,APPROVE
SME_00239,Alpha Fashion Traders,Retail,True,50,0,0,2026-06-10T07:09:31,77.63,A,74.42,A,735,APPROVE
SME_00240,Urban Electronics Studio,Retail,True,50,0,0,2026-06-10T07:09:31,69.42,B,69.56,B,658,APPROVE
SME_00241,Vertex Payments Works,FinTech,True,50,0,0,2026-06-10T07:09:31,68.46,B,83.09,A,772,APPROVE
SME_00242,Golden Payments Foods,FinTech,True,50,0,0,2026-06-10T07:09:31,64.34,B,62.92,B,702,APPROVE
SME_00243,Ever Packaging Ventures,Manufacturing,True,50,0,0,2026-06-10T07:09:31,84.16,A,84.44,A,775,APPROVE
SME_00244,Smart ProcessedFood Mart,Food,True,50,0,0,2026-06-10T07:09:31,84.15,A,86.64,A,775,APPROVE
SME_00245,Prime FleetServices Studio,Logistics,True,50,0,0,2026-06-10T07:09:31,78.97,A,89.26,A,768,APPROVE
SME_00246,Ever Fabric Partners,Textile,False,50,0,0,2026-06-10T07:09:31,32.93,C,45.61,C,504,REJECT
SME_00247,Urban FleetServices Enterprises,Logistics,False,50,0,0,2026-06-10T07:09:31,39.34,C,55.66,B,611,CONDITIONAL REVIEW
SME_00248,Urban Restaurant Enterprises,Food,False,50,0,0,2026-06-10T07:09:31,49.13,C,55.93,B,571,CONDITIONAL REVIEW
SME_00249,Blue ColdStorage Studio,AgriTech,False,50,0,0,2026-06-10T07:09:31,60.11,B,59.34,B,579,CONDITIONAL REVIEW
SME_00250,Nova Beverage Digital,Food,False,50,0,0,2026-06-10T07:09:31,33.81,C,50.97,B,544,CONDITIONAL REVIEW
SME_00251,Vertex Warehousing Enterprises,Logistics,True,50,0,0,2026-06-10T07:09:31,59.18,B,79.55,A,754,APPROVE
SME_00252,Nova Dyeing Ventures,Textile,False,50,0,0,2026-06-10T07:09:31,57.21,B,60.88,B,578,CONDITIONAL REVIEW
SME_00253,Bright Beverage Enterprises,Food,False,50,0,0,2026-06-10T07:09:31,37.74,C,46.67,C,482,REJECT
SME_00254,Bright MetalWorks Works,Manufacturing,True,50,0,0,2026-06-10T07:09:31,66.73,B,71.08,A,699,APPROVE
SME_00255,Alpha LightManufacturing Solutions,Manufacturing,False,50,0,0,2026-06-10T07:09:31,46.53,C,51.32,B,562,CONDITIONAL REVIEW
SME_00256,Ever Clinic Hub,Healthcare,True,50,0,0,2026-06-10T07:09:31,64.12,B,66.22,B,695,APPROVE
SME_00257,Trust SMEFinance Hub,FinTech,True,50,0,0,2026-06-10T07:09:31,68.87,B,71.41,A,754,APPROVE
SME_00258,Blue Fashion Enterprises,Retail,True,50,0,0,2026-06-10T07:09:31,67.25,B,65.99,B,690,APPROVE
SME_00259,Smart Fashion Partners,Retail,True,50,0,0,2026-06-10T07:09:31,72.27,A,77.86,A,717,APPROVE
SME_00260,Blue Warehousing Enterprises,Logistics,False,50,0,0,2026-06-10T07:09:31,51.75,B,62.19,B,643,CONDITIONAL REVIEW
SME_00261,Golden Grocery Traders,Retail,False,50,0,0,2026-06-10T07:09:31,72.41,A,63.63,B,646,CONDITIONAL REVIEW
SME_00262,Smart AccountingTech Studio,FinTech,True,50,0,0,2026-06-10T07:09:32,69.25,B,71.35,A,745,APPROVE
SME_00263,Bright ColdStorage Solutions,AgriTech,False,50,0,0,2026-06-10T07:09:32,53.84,B,57.09,B,575,CONDITIONAL REVIEW
SME_00264,Trust Fashion Ventures,Retail,False,50,0,0,2026-06-10T07:09:32,47.05,C,54.72,B,631,CONDITIONAL REVIEW
SME_00265,Trust Fabric Hub,Textile,False,50,0,0,2026-06-10T07:09:32,40.66,C,51.36,B,572,FRAUD REVIEW
SME_00266,Green Grocery Solutions,Retail,True,50,0,0,2026-06-10T07:09:32,57.0,B,74.99,A,668,APPROVE
SME_00267,Prime MetalWorks Partners,Manufacturing,False,50,0,0,2026-06-10T07:09:32,42.75,C,52.1,B,562,CONDITIONAL REVIEW
SME_00268,Ever Electronics Logistics,Retail,True,50,0,0,2026-06-10T07:09:32,58.26,B,67.75,B,662,APPROVE
SME_00269,Future HomeGoods Textiles,Retail,True,50,0,0,2026-06-10T07:09:32,54.86,B,68.36,B,664,APPROVE
SME_00270,Bright Grocery Solutions,Retail,False,50,0,0,2026-06-10T07:09:32,44.48,C,45.21,C,483,REJECT
SME_00271,Green Fashion Care,Retail,True,50,0,0,2026-06-10T07:09:32,80.23,A,77.88,A,716,APPROVE
SME_00272,Alpha MetalWorks Partners,Manufacturing,True,50,0,0,2026-06-10T07:09:32,51.51,B,63.78,B,680,APPROVE
SME_00273,Ever Fashion Traders,Retail,False,50,0,0,2026-06-10T07:09:32,54.9,B,61.22,B,628,CONDITIONAL REVIEW
SME_00274,Green Warehousing Care,Logistics,False,50,0,0,2026-06-10T07:09:32,44.81,C,51.36,B,520,REJECT
SME_00275,Prime Pharmacy Studio,Healthcare,True,50,0,0,2026-06-10T07:09:32,54.51,B,69.69,B,693,APPROVE
SME_00276,Fresh AgroProcessing Ventures,AgriTech,False,50,0,0,2026-06-10T07:09:32,56.48,B,61.32,B,612,CONDITIONAL REVIEW
SME_00277,Rapid AgroProcessing Textiles,AgriTech,True,50,0,0,2026-06-10T07:09:32,57.67,B,68.14,B,705,APPROVE
SME_00278,Prime Restaurant Foods,Food,True,50,0,0,2026-06-10T07:09:32,81.5,A,83.4,A,780,APPROVE
SME_00279,Smart Dyeing Hub,Textile,False,50,0,0,2026-06-10T07:09:32,48.08,C,57.72,B,571,FRAUD REVIEW
SME_00280,Nova Dyeing Hub,Textile,False,50,0,0,2026-06-10T07:09:32,46.94,C,55.91,B,527,FRAUD REVIEW
SME_00281,Fresh Electronics Hub,Retail,False,50,0,0,2026-06-10T07:09:32,44.83,C,51.05,B,534,FRAUD REVIEW
SME_00282,Secure MetalWorks Works,Manufacturing,False,50,0,0,2026-06-10T07:09:32,48.34,C,66.94,B,649,CONDITIONAL REVIEW
SME_00283,Nova Plastic Works,Manufacturing,False,50,0,0,2026-06-10T07:09:32,58.74,B,66.53,B,656,CONDITIONAL REVIEW
SME_00284,Prime MetalWorks Digital,Manufacturing,False,50,0,0,2026-06-10T07:09:32,50.04,B,71.63,A,609,CONDITIONAL REVIEW
SME_00285,Smart SupplyChain Mart,Logistics,True,50,0,0,2026-06-10T07:09:32,66.98,B,77.91,A,789,APPROVE
SME_00286,Alpha ProcessedFood Foods,Food,False,50,0,0,2026-06-10T07:09:32,66.07,B,62.65,B,627,CONDITIONAL REVIEW
SME_00287,Future Fashion Mart,Retail,True,50,0,0,2026-06-10T07:09:32,51.96,B,62.6,B,662,APPROVE
SME_00288,Golden AgroProcessing Ventures,AgriTech,False,50,0,0,2026-06-10T07:09:32,47.96,C,53.04,B,567,CONDITIONAL REVIEW
SME_00289,Secure Beverage Foods,Food,True,50,0,0,2026-06-10T07:09:32,61.35,B,67.46,B,677,APPROVE
SME_00290,Future Grocery Studio,Retail,False,50,0,0,2026-06-10T07:09:32,48.86,C,60.06,B,630,FRAUD REVIEW
SME_00291,Secure Payments Studio,FinTech,True,50,0,0,2026-06-10T07:09:32,86.36,A,84.14,A,814,APPROVE
SME_00292,Bright Fashion Solutions,Retail,False,50,0,0,2026-06-10T07:09:33,31.43,C,47.61,C,528,FRAUD REVIEW
SME_00293,Green Dyeing Ventures,Textile,False,50,0,0,2026-06-10T07:09:33,34.42,C,45.03,C,493,FRAUD REVIEW
SME_00294,Green Electronics Logistics,Retail,False,50,0,0,2026-06-10T07:09:33,53.88,B,64.75,B,635,CONDITIONAL REVIEW
SME_00295,Ever LendingTech Hub,FinTech,True,50,0,0,2026-06-10T07:09:33,78.31,A,83.74,A,755,APPROVE
SME_00296,Trust Fabric Solutions,Textile,False,50,0,0,2026-06-10T07:09:33,60.17,B,58.98,B,582,CONDITIONAL REVIEW
SME_00297,Rapid Accessories Studio,Textile,False,50,0,0,2026-06-10T07:09:33,43.99,C,61.02,B,596,CONDITIONAL REVIEW
SME_00298,Urban SMEFinance Agro,FinTech,True,50,0,0,2026-06-10T07:09:33,64.95,B,76.63,A,778,APPROVE
SME_00299,Ever Payments Logistics,FinTech,True,50,0,0,2026-06-10T07:09:33,82.38,A,75.3,A,742,APPROVE
SME_00300,Prime Delivery Agro,Logistics,True,50,0,0,2026-06-10T07:09:33,66.18,B,73.17,A,659,APPROVE
SME_00301,Green Payments Hub,FinTech,True,50,0,0,2026-06-10T07:09:33,78.72,A,79.46,A,784,APPROVE
SME_00302,Smart Electronics Textiles,Retail,False,50,0,0,2026-06-10T07:09:33,57.46,B,64.0,B,640,CONDITIONAL REVIEW
SME_00303,Future Bakery Hub,Food,True,50,0,0,2026-06-10T07:09:33,67.09,B,87.31,A,721,APPROVE
SME_00304,Ever ProcessedFood Textiles,Food,True,50,0,0,2026-06-10T07:09:33,74.62,A,80.66,A,729,APPROVE
SME_00305,Urban Fabric Traders,Textile,False,50,0,0,2026-06-10T07:09:33,73.08,A,77.17,A,644,CONDITIONAL REVIEW
SME_00306,Prime Beverage Solutions,Food,False,50,0,0,2026-06-10T07:09:33,31.86,C,43.28,C,467,FRAUD REVIEW
SME_00307,Ever FarmInputs Hub,AgriTech,False,50,0,0,2026-06-10T07:09:33,53.29,B,55.02,B,554,CONDITIONAL REVIEW
SME_00308,Rapid Delivery Foods,Logistics,False,50,0,0,2026-06-10T07:09:33,73.87,A,68.79,B,638,CONDITIONAL REVIEW
SME_00309,Prime MetalWorks Partners,Manufacturing,True,50,0,0,2026-06-10T07:09:33,60.02,B,82.6,A,744,APPROVE
SME_00310,Prime Grocery Partners,Retail,False,50,0,0,2026-06-10T07:09:33,47.32,C,58.45,B,586,FRAUD REVIEW
SME_00311,Nova Bakery Foods,Food,True,50,0,0,2026-06-10T07:09:33,52.07,B,70.22,A,704,APPROVE
SME_00312,Green ProcessedFood Mart,Food,False,50,0,0,2026-06-10T07:09:33,34.32,C,49.85,C,501,FRAUD REVIEW
SME_00313,Vertex Plastic Care,Manufacturing,False,50,0,0,2026-06-10T07:09:33,65.98,B,63.77,B,631,FRAUD REVIEW
SME_00314,Secure FarmInputs Traders,AgriTech,False,50,0,0,2026-06-10T07:09:33,52.9,B,60.04,B,586,FRAUD REVIEW
SME_00315,Ever AgroProcessing Digital,AgriTech,False,50,0,0,2026-06-10T07:09:33,56.05,B,63.89,B,650,CONDITIONAL REVIEW
SME_00316,Urban ColdStorage Mart,AgriTech,False,50,0,0,2026-06-10T07:09:33,39.24,C,44.45,C,499,FRAUD REVIEW
SME_00317,Alpha DairySupport Solutions,AgriTech,False,50,0,0,2026-06-10T07:09:33,52.91,B,63.67,B,606,FRAUD REVIEW
SME_00318,Green Diagnostics Agro,Healthcare,False,50,0,0,2026-06-10T07:09:33,58.45,B,65.57,B,707,FRAUD REVIEW
SME_00319,Blue Plastic Textiles,Manufacturing,True,50,0,0,2026-06-10T07:09:33,53.7,B,62.98,B,685,APPROVE
SME_00320,Future Fabric Care,Textile,False,50,0,0,2026-06-10T07:09:33,31.04,C,42.52,C,435,REJECT
SME_00321,Blue Fabric Foods,Textile,False,50,0,0,2026-06-10T07:09:33,38.24,C,56.7,B,580,CONDITIONAL REVIEW
SME_00322,Golden Beverage Textiles,Food,True,50,0,0,2026-06-10T07:09:33,71.1,A,80.91,A,762,APPROVE
SME_00323,Ever AgroProcessing Enterprises,AgriTech,False,50,0,0,2026-06-10T07:09:33,69.6,B,64.44,B,643,CONDITIONAL REVIEW
SME_00324,Ever Restaurant Digital,Food,False,50,0,0,2026-06-10T07:09:33,40.44,C,56.37,B,557,CONDITIONAL REVIEW
SME_00325,Vertex LendingTech Mart,FinTech,True,50,0,0,2026-06-10T07:09:33,60.62,B,68.12,B,715,APPROVE
SME_00326,Green SupplyChain Care,Logistics,False,50,0,0,2026-06-10T07:09:34,69.62,B,73.23,A,645,CONDITIONAL REVIEW
SME_00327,Nova AccountingTech Care,FinTech,True,50,0,0,2026-06-10T07:09:34,63.51,B,73.32,A,735,APPROVE
SME_00328,Future ProcessedFood Care,Food,True,50,0,0,2026-06-10T07:09:34,60.99,B,73.43,A,711,APPROVE
SME_00329,Bright Warehousing Logistics,Logistics,True,50,0,0,2026-06-10T07:09:34,49.69,C,65.42,B,659,APPROVE
SME_00330,Alpha LightManufacturing Mart,Manufacturing,False,50,0,0,2026-06-10T07:09:34,59.34,B,65.88,B,642,CONDITIONAL REVIEW
SME_00331,Prime HealthServices Agro,Healthcare,True,50,0,0,2026-06-10T07:09:34,54.62,B,67.36,B,667,APPROVE
SME_00332,Green LightManufacturing Agro,Manufacturing,False,50,0,0,2026-06-10T07:09:34,49.03,C,49.45,C,477,REJECT
SME_00333,Future HealthServices Enterprises,Healthcare,True,50,0,0,2026-06-10T07:09:34,72.89,A,80.57,A,746,APPROVE
SME_00334,Rapid Fabric Logistics,Textile,False,50,0,0,2026-06-10T07:09:34,27.46,D,45.06,C,456,FRAUD REVIEW
SME_00335,Prime Electronics Digital,Retail,False,50,0,0,2026-06-10T07:09:34,47.65,C,57.07,B,568,FRAUD REVIEW
SME_00336,Vertex SupplyChain Hub,Logistics,False,50,0,0,2026-06-10T07:09:34,36.48,C,54.19,B,533,FRAUD REVIEW
SME_00337,Ever Grocery Solutions,Retail,False,50,0,0,2026-06-10T07:09:34,44.5,C,48.37,C,555,CONDITIONAL REVIEW
SME_00338,Nova Pharmacy Enterprises,Healthcare,True,50,0,0,2026-06-10T07:09:34,63.28,B,74.34,A,737,APPROVE
SME_00339,Green Electronics Traders,Retail,False,50,0,0,2026-06-10T07:09:34,45.65,C,50.58,B,533,CONDITIONAL REVIEW
SME_00340,Golden Fabric Textiles,Textile,False,50,0,0,2026-06-10T07:09:34,30.25,C,45.71,C,474,FRAUD REVIEW
SME_00341,Rapid Fashion Logistics,Retail,False,50,0,0,2026-06-10T07:09:34,45.04,C,54.97,B,562,CONDITIONAL REVIEW
SME_00342,Trust Fabric Textiles,Textile,True,50,0,0,2026-06-10T07:09:34,76.28,A,80.82,A,673,APPROVE
SME_00343,Green SMEFinance Foods,FinTech,True,50,0,0,2026-06-10T07:09:34,57.58,B,67.78,B,696,APPROVE
SME_00344,Prime FleetServices Care,Logistics,True,50,0,0,2026-06-10T07:09:34,80.96,A,87.34,A,772,APPROVE
SME_00345,Green LendingTech Mart,FinTech,False,50,0,0,2026-06-10T07:09:34,66.91,B,68.16,B,679,FRAUD REVIEW
SME_00346,Rapid Payments Hub,FinTech,True,50,0,0,2026-06-10T07:09:34,87.16,A,88.11,A,817,APPROVE
SME_00347,Golden Dyeing Traders,Textile,False,50,0,0,2026-06-10T07:09:34,32.9,C,51.51,B,576,FRAUD REVIEW
SME_00348,Vertex MetalWorks Agro,Manufacturing,False,50,0,0,2026-06-10T07:09:34,44.82,C,63.77,B,671,FRAUD REVIEW
SME_00349,Secure SupplyChain Care,Logistics,False,50,0,0,2026-06-10T07:09:34,48.41,C,57.71,B,564,CONDITIONAL REVIEW
SME_00350,Secure Grocery Traders,Retail,True,50,0,0,2026-06-10T07:09:34,59.39,B,69.99,B,667,APPROVE
SME_00351,Vertex Delivery Logistics,Logistics,False,50,0,0,2026-06-10T07:09:34,32.54,C,45.69,C,484,REJECT
SME_00352,Vertex LightManufacturing Foods,Manufacturing,False,50,0,0,2026-06-10T07:09:34,52.71,B,63.86,B,654,CONDITIONAL REVIEW
SME_00353,Prime ProcessedFood Works,Food,True,50,0,0,2026-06-10T07:09:34,58.94,B,75.07,A,661,APPROVE
SME_00354,Golden Warehousing Logistics,Logistics,False,50,0,0,2026-06-10T07:09:34,68.09,B,65.3,B,599,CONDITIONAL REVIEW
SME_00355,Fresh ProcessedFood Textiles,Food,True,50,0,0,2026-06-10T07:09:34,58.06,B,70.83,A,660,APPROVE
SME_00356,Trust Bakery Mart,Food,True,50,0,0,2026-06-10T07:09:34,78.38,A,83.95,A,736,APPROVE
SME_00357,Prime Clinic Traders,Healthcare,True,50,0,0,2026-06-10T07:09:34,76.25,A,77.89,A,748,APPROVE
SME_00358,Golden SMEFinance Foods,FinTech,True,50,0,0,2026-06-10T07:09:34,86.54,A,89.87,A,819,APPROVE
SME_00359,Prime ProcessedFood Digital,Food,False,50,0,0,2026-06-10T07:09:35,57.31,B,67.33,B,630,CONDITIONAL REVIEW
SME_00360,Ever FleetServices Enterprises,Logistics,False,50,0,0,2026-06-10T07:09:35,46.58,C,40.54,C,491,FRAUD REVIEW
SME_00361,Future Accessories Foods,Textile,True,50,0,0,2026-06-10T07:09:35,75.45,A,80.12,A,678,APPROVE
SME_00362,Trust Fashion Enterprises,Retail,True,50,0,0,2026-06-10T07:09:35,63.48,B,72.23,A,699,APPROVE
SME_00363,Golden HomeGoods Digital,Retail,True,50,0,0,2026-06-10T07:09:35,68.53,B,85.59,A,760,APPROVE
SME_00364,Alpha Electronics Agro,Retail,False,50,0,0,2026-06-10T07:09:35,32.69,C,41.9,C,489,REJECT
SME_00365,Prime FleetServices Logistics,Logistics,False,50,0,0,2026-06-10T07:09:35,53.87,B,62.2,B,590,CONDITIONAL REVIEW
SME_00366,Smart Bakery Mart,Food,False,50,0,0,2026-06-10T07:09:35,69.92,B,61.45,B,671,FRAUD REVIEW
SME_00367,Urban SMEFinance Partners,FinTech,True,50,0,0,2026-06-10T07:09:35,83.02,A,79.76,A,767,APPROVE
SME_00368,Rapid Delivery Foods,Logistics,True,50,0,0,2026-06-10T07:09:35,67.98,B,76.36,A,733,APPROVE
SME_00369,Golden FarmInputs Traders,AgriTech,True,50,0,0,2026-06-10T07:09:35,58.88,B,68.98,B,671,APPROVE
SME_00370,Rapid Dyeing Works,Textile,True,50,0,0,2026-06-10T07:09:35,56.79,B,69.19,B,670,APPROVE
SME_00371,Fresh HealthServices Agro,Healthcare,True,50,0,0,2026-06-10T07:09:35,88.12,A,91.62,A,808,APPROVE
SME_00372,Alpha LightManufacturing Studio,Manufacturing,False,50,0,0,2026-06-10T07:09:35,60.61,B,64.89,B,606,CONDITIONAL REVIEW
SME_00373,Smart ColdStorage Agro,AgriTech,False,50,0,0,2026-06-10T07:09:35,45.25,C,57.74,B,542,CONDITIONAL REVIEW
SME_00374,Future ColdStorage Mart,AgriTech,False,50,0,0,2026-06-10T07:09:35,25.0,D,34.41,C,429,FRAUD REVIEW
SME_00375,Golden Fashion Solutions,Retail,False,50,0,0,2026-06-10T07:09:35,61.57,B,63.07,B,616,FRAUD REVIEW
SME_00376,Golden Grocery Enterprises,Retail,False,50,0,0,2026-06-10T07:09:35,45.43,C,61.63,B,589,CONDITIONAL REVIEW
SME_00377,Rapid Dyeing Logistics,Textile,False,50,0,0,2026-06-10T07:09:35,46.14,C,59.49,B,559,CONDITIONAL REVIEW
SME_00378,Green Beverage Partners,Food,False,50,0,0,2026-06-10T07:09:35,41.64,C,57.4,B,615,FRAUD REVIEW
SME_00379,Green ColdStorage Partners,AgriTech,True,50,0,0,2026-06-10T07:09:35,81.28,A,79.94,A,713,APPROVE
SME_00380,Smart HealthServices Traders,Healthcare,True,50,0,0,2026-06-10T07:09:35,54.44,B,72.23,A,727,APPROVE
SME_00381,Ever ProcessedFood Ventures,Food,False,50,0,0,2026-06-10T07:09:35,46.47,C,55.95,B,630,CONDITIONAL REVIEW
SME_00382,Secure Fabric Textiles,Textile,False,50,0,0,2026-06-10T07:09:35,23.69,D,35.56,C,428,REJECT
SME_00383,Urban AccountingTech Solutions,FinTech,True,50,0,0,2026-06-10T07:09:35,56.18,B,69.78,B,723,APPROVE
SME_00384,Vertex Beverage Enterprises,Food,True,50,0,0,2026-06-10T07:09:35,61.58,B,70.49,A,693,APPROVE
SME_00385,Blue DairySupport Studio,AgriTech,True,50,0,0,2026-06-10T07:09:35,65.07,B,79.88,A,753,APPROVE
SME_00386,Golden Fabric Foods,Textile,False,50,0,0,2026-06-10T07:09:35,46.7,C,60.46,B,601,CONDITIONAL REVIEW
SME_00387,Alpha Pharmacy Enterprises,Healthcare,False,50,0,0,2026-06-10T07:09:35,58.32,B,63.37,B,645,CONDITIONAL REVIEW
SME_00388,Trust Accessories Hub,Textile,False,50,0,0,2026-06-10T07:09:35,57.61,B,63.97,B,585,CONDITIONAL REVIEW
SME_00389,Secure Fashion Hub,Retail,False,50,0,0,2026-06-10T07:09:35,52.21,B,61.9,B,637,CONDITIONAL REVIEW
SME_00390,Urban Dyeing Solutions,Textile,False,50,0,0,2026-06-10T07:09:35,58.45,B,60.84,B,569,FRAUD REVIEW
SME_00391,Smart FleetServices Traders,Logistics,False,50,0,0,2026-06-10T07:09:35,48.79,C,57.55,B,623,CONDITIONAL REVIEW
SME_00392,Alpha Electronics Care,Retail,False,50,0,0,2026-06-10T07:09:36,50.83,B,53.93,B,554,CONDITIONAL REVIEW
SME_00393,Trust SupplyChain Enterprises,Logistics,True,50,0,0,2026-06-10T07:09:36,67.51,B,74.54,A,700,APPROVE
SME_00394,Urban Pharmacy Partners,Healthcare,True,50,0,0,2026-06-10T07:09:36,61.0,B,68.45,B,680,APPROVE
SME_00395,Vertex HomeGoods Ventures,Retail,False,50,0,0,2026-06-10T07:09:36,42.48,C,62.03,B,615,CONDITIONAL REVIEW
SME_00396,Prime Beverage Enterprises,Food,True,50,0,0,2026-06-10T07:09:36,56.79,B,67.03,B,696,APPROVE
SME_00397,Future SMEFinance Traders,FinTech,False,50,0,0,2026-06-10T07:09:36,69.32,B,72.23,A,701,FRAUD REVIEW
SME_00398,Ever Plastic Hub,Manufacturing,False,50,0,0,2026-06-10T07:09:36,58.73,B,62.49,B,581,CONDITIONAL REVIEW
SME_00399,Rapid Beverage Solutions,Food,False,50,0,0,2026-06-10T07:09:36,61.5,B,67.82,B,648,CONDITIONAL REVIEW
SME_00400,Alpha Restaurant Traders,Food,True,50,0,0,2026-06-10T07:09:36,52.67,B,72.29,A,685,APPROVE
SME_00401,Smart LightManufacturing Mart,Manufacturing,True,50,0,0,2026-06-10T07:09:36,63.07,B,70.74,A,703,APPROVE
SME_00402,Rapid Dyeing Care,Textile,False,50,0,0,2026-06-10T07:09:36,40.15,C,54.01,B,529,FRAUD REVIEW
SME_00403,Smart LendingTech Traders,FinTech,False,50,0,0,2026-06-10T07:09:36,62.28,B,63.95,B,650,FRAUD REVIEW
SME_00404,Bright Fashion Digital,Retail,True,50,0,0,2026-06-10T07:09:36,55.14,B,72.55,A,686,APPROVE
SME_00405,Rapid Fabric Solutions,Textile,False,50,0,0,2026-06-10T07:09:36,42.75,C,53.95,B,513,FRAUD REVIEW
SME_00406,Trust Dyeing Studio,Textile,False,50,0,0,2026-06-10T07:09:36,32.29,C,43.17,C,455,REJECT
SME_00407,Vertex Plastic Hub,Manufacturing,True,50,0,0,2026-06-10T07:09:36,54.19,B,62.11,B,658,APPROVE
SME_00408,Bright AccountingTech Studio,FinTech,True,50,0,0,2026-06-10T07:09:36,83.55,A,81.69,A,804,APPROVE
SME_00409,Prime Electronics Agro,Retail,True,50,0,0,2026-06-10T07:09:36,43.77,C,64.06,B,666,APPROVE
SME_00410,Trust Garments Textiles,Textile,True,50,0,0,2026-06-10T07:09:36,71.55,A,80.42,A,728,APPROVE
SME_00411,Prime Delivery Partners,Logistics,False,50,0,0,2026-06-10T07:09:36,48.28,C,61.01,B,629,FRAUD REVIEW
SME_00412,Smart Warehousing Partners,Logistics,True,50,0,0,2026-06-10T07:09:36,46.92,C,68.28,B,670,APPROVE
SME_00413,Rapid HomeGoods Ventures,Retail,True,50,0,0,2026-06-10T07:09:36,70.19,A,79.72,A,730,APPROVE
SME_00414,Vertex Garments Solutions,Textile,False,50,0,0,2026-06-10T07:09:36,65.0,B,66.17,B,637,CONDITIONAL REVIEW
SME_00415,Golden HomeGoods Ventures,Retail,True,50,0,0,2026-06-10T07:09:36,56.69,B,74.18,A,673,APPROVE
SME_00416,Smart Packaging Solutions,Manufacturing,True,50,0,0,2026-06-10T07:09:36,73.99,A,72.42,A,715,APPROVE
SME_00417,Vertex Electronics Traders,Retail,False,50,0,0,2026-06-10T07:09:36,42.37,C,43.24,C,487,FRAUD REVIEW
SME_00418,Future SMEFinance Digital,FinTech,True,50,0,0,2026-06-10T07:09:36,80.57,A,84.44,A,782,APPROVE
SME_00419,Secure Packaging Works,Manufacturing,True,50,0,0,2026-06-10T07:09:36,64.66,B,79.79,A,768,APPROVE
SME_00420,Green Accessories Solutions,Textile,False,50,0,0,2026-06-10T07:09:36,50.63,B,59.49,B,639,FRAUD REVIEW
SME_00421,Alpha Warehousing Foods,Logistics,True,50,0,0,2026-06-10T07:09:36,60.71,B,65.84,B,662,APPROVE
SME_00422,Prime Electronics Hub,Retail,False,50,0,0,2026-06-10T07:09:36,54.15,B,68.83,B,616,CONDITIONAL REVIEW
SME_00423,Fresh Fashion Care,Retail,True,50,0,0,2026-06-10T07:09:36,73.84,A,78.15,A,726,APPROVE
SME_00424,Secure Fashion Partners,Retail,False,50,0,0,2026-06-10T07:09:36,31.46,C,40.7,C,457,FRAUD REVIEW
SME_00425,Fresh SupplyChain Ventures,Logistics,False,50,0,0,2026-06-10T07:09:36,35.59,C,47.86,C,517,REJECT
SME_00426,Golden AccountingTech Mart,FinTech,True,50,0,0,2026-06-10T07:09:37,67.84,B,69.91,B,728,APPROVE
SME_00427,Vertex Plastic Textiles,Manufacturing,False,50,0,0,2026-06-10T07:09:37,48.11,C,57.08,B,596,CONDITIONAL REVIEW
SME_00428,Blue SMEFinance Studio,FinTech,True,50,0,0,2026-06-10T07:09:37,78.9,A,76.29,A,760,APPROVE
SME_00429,Future Fashion Agro,Retail,False,50,0,0,2026-06-10T07:09:37,64.4,B,56.08,B,565,CONDITIONAL REVIEW
SME_00430,Golden AccountingTech Digital,FinTech,True,50,0,0,2026-06-10T07:09:37,58.04,B,71.9,A,737,APPROVE
SME_00431,Urban Garments Foods,Textile,False,50,0,0,2026-06-10T07:09:37,33.43,C,45.96,C,511,FRAUD REVIEW
SME_00432,Alpha SMEFinance Mart,FinTech,True,50,0,0,2026-06-10T07:09:37,66.23,B,81.12,A,793,APPROVE
SME_00433,Bright Diagnostics Textiles,Healthcare,False,50,0,0,2026-06-10T07:09:37,54.59,B,66.42,B,642,CONDITIONAL REVIEW
SME_00434,Prime SMEFinance Digital,FinTech,True,50,0,0,2026-06-10T07:09:37,70.17,A,75.51,A,762,APPROVE
SME_00435,Golden Grocery Logistics,Retail,False,50,0,0,2026-06-10T07:09:37,39.57,C,61.83,B,612,FRAUD REVIEW
SME_00436,Blue Packaging Mart,Manufacturing,True,50,0,0,2026-06-10T07:09:37,78.05,A,89.41,A,787,APPROVE
SME_00437,Fresh HomeGoods Mart,Retail,False,50,0,0,2026-06-10T07:09:37,22.37,D,41.15,C,447,FRAUD REVIEW
SME_00438,Prime Beverage Ventures,Food,False,50,0,0,2026-06-10T07:09:37,62.02,B,66.03,B,592,CONDITIONAL REVIEW
SME_00439,Prime Diagnostics Solutions,Healthcare,False,50,0,0,2026-06-10T07:09:37,46.96,C,59.96,B,631,CONDITIONAL REVIEW
SME_00440,Urban SupplyChain Agro,Logistics,False,50,0,0,2026-06-10T07:09:37,42.53,C,52.22,B,588,CONDITIONAL REVIEW
SME_00441,Smart Accessories Enterprises,Textile,False,50,0,0,2026-06-10T07:09:37,46.28,C,59.9,B,596,CONDITIONAL REVIEW
SME_00442,Rapid Grocery Mart,Retail,True,50,0,0,2026-06-10T07:09:37,56.84,B,70.66,A,658,APPROVE
SME_00443,Ever Diagnostics Ventures,Healthcare,False,50,0,0,2026-06-10T07:09:37,59.84,B,60.94,B,639,CONDITIONAL REVIEW
SME_00444,Trust MetalWorks Traders,Manufacturing,False,50,0,0,2026-06-10T07:09:37,52.59,B,56.99,B,623,CONDITIONAL REVIEW
SME_00445,Vertex Packaging Hub,Manufacturing,True,50,0,0,2026-06-10T07:09:37,77.0,A,75.7,A,705,APPROVE
SME_00446,Fresh Diagnostics Ventures,Healthcare,True,50,0,0,2026-06-10T07:09:37,80.84,A,82.07,A,747,APPROVE
SME_00447,Rapid Dyeing Logistics,Textile,False,50,0,0,2026-06-10T07:09:37,35.92,C,50.04,B,526,FRAUD REVIEW
SME_00448,Urban SupplyChain Care,Logistics,False,50,0,0,2026-06-10T07:09:37,73.16,A,66.6,B,626,FRAUD REVIEW
SME_00449,Nova Fashion Agro,Retail,True,50,0,0,2026-06-10T07:09:37,75.96,A,80.72,A,732,APPROVE
SME_00450,Golden FleetServices Textiles,Logistics,True,50,0,0,2026-06-10T07:09:37,63.72,B,70.52,A,674,APPROVE
SME_00451,Smart Electronics Textiles,Retail,True,50,0,0,2026-06-10T07:09:37,74.06,A,80.06,A,693,APPROVE
SME_00452,Urban Dyeing Care,Textile,False,50,0,0,2026-06-10T07:09:37,31.0,C,41.59,C,492,REJECT
SME_00453,Future Pharmacy Solutions,Healthcare,False,50,0,0,2026-06-10T07:09:37,50.82,B,55.94,B,639,FRAUD REVIEW
SME_00454,Future MetalWorks Logistics,Manufacturing,False,50,0,0,2026-06-10T07:09:37,59.18,B,73.7,A,728,FRAUD REVIEW
SME_00455,Blue Fashion Digital,Retail,False,50,0,0,2026-06-10T07:09:37,73.11,A,70.69,A,650,CONDITIONAL REVIEW
SME_00456,Nova Plastic Partners,Manufacturing,True,50,0,0,2026-06-10T07:09:37,78.59,A,75.73,A,733,APPROVE
SME_00457,Urban Fabric Hub,Textile,False,50,0,0,2026-06-10T07:09:37,55.26,B,66.84,B,613,CONDITIONAL REVIEW
SME_00458,Fresh Restaurant Hub,Food,True,50,0,0,2026-06-10T07:09:37,80.26,A,77.97,A,715,APPROVE
SME_00459,Blue SMEFinance Care,FinTech,True,50,0,0,2026-06-10T07:09:38,48.01,C,67.5,B,678,APPROVE
SME_00460,Fresh Warehousing Enterprises,Logistics,False,50,0,0,2026-06-10T07:09:38,51.03,B,62.03,B,568,CONDITIONAL REVIEW
SME_00461,Secure Warehousing Mart,Logistics,False,50,0,0,2026-06-10T07:09:38,62.12,B,62.99,B,591,CONDITIONAL REVIEW
SME_00462,Nova Fashion Textiles,Retail,False,50,0,0,2026-06-10T07:09:38,51.04,B,67.33,B,645,CONDITIONAL REVIEW
SME_00463,Fresh Accessories Textiles,Textile,False,50,0,0,2026-06-10T07:09:38,37.27,C,48.7,C,532,CONDITIONAL REVIEW
SME_00464,Golden Packaging Care,Manufacturing,True,50,0,0,2026-06-10T07:09:38,75.4,A,82.22,A,729,APPROVE
SME_00465,Smart FleetServices Agro,Logistics,True,50,0,0,2026-06-10T07:09:38,66.78,B,84.48,A,769,APPROVE
SME_00466,Secure HealthServices Solutions,Healthcare,True,50,0,0,2026-06-10T07:09:38,57.8,B,74.81,A,714,APPROVE
SME_00467,Vertex SupplyChain Studio,Logistics,True,50,0,0,2026-06-10T07:09:38,78.58,A,84.83,A,775,APPROVE
SME_00468,Vertex Garments Hub,Textile,True,50,0,0,2026-06-10T07:09:38,80.43,A,77.89,A,715,APPROVE
SME_00469,Urban Electronics Partners,Retail,True,50,0,0,2026-06-10T07:09:38,57.51,B,68.83,B,682,APPROVE
SME_00470,Smart Beverage Textiles,Food,False,50,0,0,2026-06-10T07:09:38,39.73,C,54.23,B,539,FRAUD REVIEW
SME_00471,Rapid DairySupport Logistics,AgriTech,True,50,0,0,2026-06-10T07:09:38,62.06,B,81.83,A,706,APPROVE
SME_00472,Secure Bakery Agro,Food,False,50,0,0,2026-06-10T07:09:38,24.82,D,35.7,C,428,FRAUD REVIEW
SME_00473,Prime HomeGoods Agro,Retail,True,50,0,0,2026-06-10T07:09:38,69.19,B,73.53,A,718,APPROVE
SME_00474,Ever HomeGoods Enterprises,Retail,True,50,0,0,2026-06-10T07:09:38,51.5,B,76.16,A,723,APPROVE
SME_00475,Blue LightManufacturing Digital,Manufacturing,False,50,0,0,2026-06-10T07:09:38,39.14,C,54.29,B,565,FRAUD REVIEW
SME_00476,Trust MetalWorks Partners,Manufacturing,False,50,0,0,2026-06-10T07:09:38,46.49,C,60.55,B,631,CONDITIONAL REVIEW
SME_00477,Green ProcessedFood Digital,Food,False,50,0,0,2026-06-10T07:09:38,56.01,B,64.72,B,622,CONDITIONAL REVIEW
SME_00478,Smart SupplyChain Care,Logistics,False,50,0,0,2026-06-10T07:09:38,46.39,C,65.02,B,641,CONDITIONAL REVIEW
SME_00479,Secure SupplyChain Hub,Logistics,True,50,0,0,2026-06-10T07:09:38,64.14,B,70.78,A,695,APPROVE
SME_00480,Secure Restaurant Traders,Food,False,50,0,0,2026-06-10T07:09:38,65.63,B,60.37,B,564,CONDITIONAL REVIEW
SME_00481,Smart DairySupport Logistics,AgriTech,False,50,0,0,2026-06-10T07:09:38,40.02,C,53.2,B,536,CONDITIONAL REVIEW
SME_00482,Fresh Plastic Partners,Manufacturing,False,50,0,0,2026-06-10T07:09:38,54.65,B,64.84,B,639,CONDITIONAL REVIEW
SME_00483,Green FleetServices Works,Logistics,True,50,0,0,2026-06-10T07:09:38,56.15,B,73.17,A,676,APPROVE
SME_00484,Bright DairySupport Hub,AgriTech,True,50,0,0,2026-06-10T07:09:38,80.44,A,78.93,A,721,APPROVE
SME_00485,Nova HomeGoods Traders,Retail,True,50,0,0,2026-06-10T07:09:38,50.82,B,70.58,A,673,APPROVE
SME_00486,Prime Bakery Traders,Food,False,50,0,0,2026-06-10T07:09:38,45.73,C,53.69,B,588,CONDITIONAL REVIEW
SME_00487,Vertex Beverage Mart,Food,False,50,0,0,2026-06-10T07:09:38,51.03,B,61.05,B,651,CONDITIONAL REVIEW
SME_00488,Ever MetalWorks Traders,Manufacturing,False,50,0,0,2026-06-10T07:09:38,52.28,B,63.19,B,644,FRAUD REVIEW
SME_00489,Green SupplyChain Enterprises,Logistics,False,50,0,0,2026-06-10T07:09:38,43.36,C,53.8,B,503,FRAUD REVIEW
SME_00490,Secure Restaurant Mart,Food,False,50,0,0,2026-06-10T07:09:38,40.31,C,57.44,B,554,CONDITIONAL REVIEW
SME_00491,Fresh HealthServices Partners,Healthcare,True,50,0,0,2026-06-10T07:09:38,74.8,A,76.55,A,719,APPROVE
SME_00492,Vertex Warehousing Works,Logistics,True,50,0,0,2026-06-10T07:09:38,59.47,B,79.32,A,726,APPROVE
SME_00493,Ever Delivery Solutions,Logistics,False,50,0,0,2026-06-10T07:09:39,64.06,B,73.33,A,646,CONDITIONAL REVIEW
SME_00494,Trust DairySupport Enterprises,AgriTech,False,50,0,0,2026-06-10T07:09:39,46.77,C,51.12,B,531,FRAUD REVIEW
SME_00495,Green Payments Textiles,FinTech,False,50,0,0,2026-06-10T07:09:39,59.32,B,62.13,B,665,FRAUD REVIEW
SME_00496,Rapid Bakery Hub,Food,True,50,0,0,2026-06-10T07:09:39,76.63,A,76.46,A,719,APPROVE
SME_00497,Nova Beverage Agro,Food,False,50,0,0,2026-06-10T07:09:39,52.14,B,61.68,B,624,FRAUD REVIEW
SME_00498,Urban Warehousing Partners,Logistics,False,50,0,0,2026-06-10T07:09:39,54.11,B,64.5,B,650,FRAUD REVIEW
SME_00499,Prime DairySupport Works,AgriTech,False,50,0,0,2026-06-10T07:09:39,64.27,B,63.95,B,599,CONDITIONAL REVIEW
SME_00500,Trust Restaurant Solutions,Food,True,50,0,0,2026-06-10T07:09:39,58.88,B,64.31,B,674,APPROVE
SME_00501,Prime Clinic Works,Healthcare,True,50,0,0,2026-06-10T07:09:39,55.67,B,64.21,B,717,APPROVE
SME_00502,Golden Dyeing Enterprises,Textile,False,50,0,0,2026-06-10T07:09:39,68.11,B,63.76,B,563,CONDITIONAL REVIEW
SME_00503,Vertex Accessories Hub,Textile,False,50,0,0,2026-06-10T07:09:39,34.69,C,52.45,B,500,REJECT
SME_00504,Secure ProcessedFood Mart,Food,False,50,0,0,2026-06-10T07:09:39,52.6,B,56.51,B,572,CONDITIONAL REVIEW
SME_00505,Rapid Restaurant Studio,Food,False,50,0,0,2026-06-10T07:09:39,52.86,B,62.87,B,609,CONDITIONAL REVIEW
SME_00506,Smart SMEFinance Solutions,FinTech,True,50,0,0,2026-06-10T07:09:39,55.51,B,61.95,B,671,APPROVE
SME_00507,Trust ColdStorage Studio,AgriTech,True,50,0,0,2026-06-10T07:09:39,76.49,A,75.63,A,698,APPROVE
SME_00508,Future LendingTech Mart,FinTech,False,50,0,0,2026-06-10T07:09:39,61.21,B,68.56,B,721,FRAUD REVIEW
SME_00509,Smart Beverage Traders,Food,False,50,0,0,2026-06-10T07:09:39,31.66,C,49.23,C,517,REJECT
SME_00510,Secure Grocery Traders,Retail,True,50,0,0,2026-06-10T07:09:39,70.03,A,84.16,A,794,APPROVE
SME_00511,Secure HomeGoods Ventures,Retail,False,50,0,0,2026-06-10T07:09:39,47.93,C,60.89,B,612,FRAUD REVIEW
SME_00512,Trust LendingTech Hub,FinTech,True,50,0,0,2026-06-10T07:09:39,57.56,B,70.02,A,691,APPROVE
SME_00513,Rapid Fashion Mart,Retail,False,50,0,0,2026-06-10T07:09:39,58.61,B,64.93,B,622,CONDITIONAL REVIEW
SME_00514,Urban Packaging Logistics,Manufacturing,True,50,0,0,2026-06-10T07:09:39,50.57,B,66.31,B,662,APPROVE
SME_00515,Secure AgroProcessing Solutions,AgriTech,False,50,0,0,2026-06-10T07:09:39,44.66,C,51.44,B,569,CONDITIONAL REVIEW
SME_00516,Vertex LightManufacturing Foods,Manufacturing,True,50,0,0,2026-06-10T07:09:39,60.44,B,63.4,B,663,APPROVE
SME_00517,Smart ColdStorage Studio,AgriTech,False,50,0,0,2026-06-10T07:09:39,50.08,B,51.9,B,620,CONDITIONAL REVIEW
SME_00518,Alpha Diagnostics Traders,Healthcare,True,50,0,0,2026-06-10T07:09:39,64.69,B,82.46,A,780,APPROVE
SME_00519,Vertex Fashion Partners,Retail,False,50,0,0,2026-06-10T07:09:39,65.62,B,65.82,B,619,CONDITIONAL REVIEW
SME_00520,Blue Payments Studio,FinTech,True,50,0,0,2026-06-10T07:09:39,80.07,A,79.98,A,776,APPROVE
SME_00521,Golden Garments Logistics,Textile,False,50,0,0,2026-06-10T07:09:39,42.66,C,49.34,C,513,REJECT
SME_00522,Smart FarmInputs Hub,AgriTech,True,50,0,0,2026-06-10T07:09:39,57.64,B,67.98,B,679,APPROVE
SME_00523,Rapid Electronics Partners,Retail,False,50,0,0,2026-06-10T07:09:39,55.28,B,57.66,B,575,CONDITIONAL REVIEW
SME_00524,Rapid Delivery Works,Logistics,False,50,0,0,2026-06-10T07:09:39,64.85,B,65.86,B,639,CONDITIONAL REVIEW
SME_00525,Green Electronics Hub,Retail,False,50,0,0,2026-06-10T07:09:39,44.02,C,51.33,B,556,CONDITIONAL REVIEW
SME_00526,Nova FarmInputs Works,AgriTech,True,50,0,0,2026-06-10T07:09:40,68.76,B,71.86,A,667,APPROVE
SME_00527,Prime Fabric Solutions,Textile,False,50,0,0,2026-06-10T07:09:40,43.6,C,58.2,B,546,CONDITIONAL REVIEW
SME_00528,Green Accessories Textiles,Textile,False,50,0,0,2026-06-10T07:09:40,52.41,B,62.77,B,594,CONDITIONAL REVIEW
SME_00529,Fresh Payments Works,FinTech,True,50,0,0,2026-06-10T07:09:40,82.23,A,80.2,A,768,APPROVE
SME_00530,Blue FarmInputs Foods,AgriTech,False,50,0,0,2026-06-10T07:09:40,52.91,B,59.16,B,586,CONDITIONAL REVIEW
SME_00531,Green HealthServices Ventures,Healthcare,False,50,0,0,2026-06-10T07:09:40,50.13,B,66.17,B,686,FRAUD REVIEW
SME_00532,Bright Pharmacy Solutions,Healthcare,True,50,0,0,2026-06-10T07:09:40,71.12,A,78.5,A,749,APPROVE
SME_00533,Urban ColdStorage Agro,AgriTech,False,50,0,0,2026-06-10T07:09:40,38.23,C,47.12,C,511,REJECT
SME_00534,Golden Warehousing Solutions,Logistics,False,50,0,0,2026-06-10T07:09:40,37.42,C,48.47,C,504,REJECT
SME_00535,Blue Fashion Textiles,Retail,False,50,0,0,2026-06-10T07:09:40,43.39,C,54.09,B,575,CONDITIONAL REVIEW
SME_00536,Smart Plastic Care,Manufacturing,False,50,0,0,2026-06-10T07:09:40,45.73,C,58.3,B,582,CONDITIONAL REVIEW
SME_00537,Fresh ProcessedFood Traders,Food,False,50,0,0,2026-06-10T07:09:40,45.11,C,53.75,B,592,CONDITIONAL REVIEW
SME_00538,Prime Fashion Care,Retail,False,50,0,0,2026-06-10T07:09:40,38.75,C,48.74,C,472,REJECT
SME_00539,Fresh Fashion Works,Retail,False,50,0,0,2026-06-10T07:09:40,44.27,C,54.88,B,555,CONDITIONAL REVIEW
SME_00540,Bright LendingTech Ventures,FinTech,False,50,0,0,2026-06-10T07:09:40,56.44,B,54.39,B,619,CONDITIONAL REVIEW
SME_00541,Secure Accessories Hub,Textile,False,50,0,0,2026-06-10T07:09:40,29.81,D,44.57,C,486,REJECT
SME_00542,Trust Beverage Care,Food,True,50,0,0,2026-06-10T07:09:40,67.78,B,87.69,A,801,APPROVE
SME_00543,Rapid AccountingTech Agro,FinTech,True,50,0,0,2026-06-10T07:09:40,73.34,A,86.6,A,813,APPROVE
SME_00544,Nova Garments Hub,Textile,False,50,0,0,2026-06-10T07:09:40,56.38,B,55.17,B,535,CONDITIONAL REVIEW
SME_00545,Rapid Electronics Works,Retail,False,50,0,0,2026-06-10T07:09:40,36.68,C,38.07,C,479,FRAUD REVIEW
SME_00546,Secure Bakery Enterprises,Food,False,50,0,0,2026-06-10T07:09:40,73.44,A,69.91,B,656,CONDITIONAL REVIEW
SME_00547,Smart ColdStorage Agro,AgriTech,False,50,0,0,2026-06-10T07:09:40,48.49,C,62.68,B,626,CONDITIONAL REVIEW
SME_00548,Ever Fashion Traders,Retail,True,50,0,0,2026-06-10T07:09:40,54.21,B,83.42,A,738,APPROVE
SME_00549,Smart Clinic Solutions,Healthcare,True,50,0,0,2026-06-10T07:09:40,57.9,B,70.56,A,739,APPROVE
SME_00550,Future ProcessedFood Logistics,Food,False,50,0,0,2026-06-10T07:09:40,50.33,B,62.36,B,622,FRAUD REVIEW
SME_00551,Green Beverage Works,Food,True,50,0,0,2026-06-10T07:09:40,61.85,B,78.73,A,760,APPROVE
SME_00552,Green Grocery Textiles,Retail,False,50,0,0,2026-06-10T07:09:40,40.28,C,54.97,B,569,CONDITIONAL REVIEW
SME_00553,Future LightManufacturing Hub,Manufacturing,True,50,0,0,2026-06-10T07:09:40,50.29,B,67.81,B,679,APPROVE
SME_00554,Smart Dyeing Traders,Textile,False,50,0,0,2026-06-10T07:09:40,42.27,C,60.99,B,544,CONDITIONAL REVIEW
SME_00555,Ever Fashion Partners,Retail,True,50,0,0,2026-06-10T07:09:40,52.98,B,63.04,B,675,APPROVE
SME_00556,Vertex Packaging Logistics,Manufacturing,True,50,0,0,2026-06-10T07:09:40,65.91,B,77.1,A,742,APPROVE
SME_00557,Urban Packaging Solutions,Manufacturing,False,50,0,0,2026-06-10T07:09:40,37.4,C,55.44,B,591,FRAUD REVIEW
SME_00558,Nova Bakery Logistics,Food,False,50,0,0,2026-06-10T07:09:41,39.67,C,46.38,C,515,REJECT
SME_00559,Urban SupplyChain Partners,Logistics,True,50,0,0,2026-06-10T07:09:41,79.03,A,71.23,A,724,APPROVE
SME_00560,Golden ProcessedFood Partners,Food,False,50,0,0,2026-06-10T07:09:41,42.77,C,47.63,C,529,FRAUD REVIEW
SME_00561,Blue HomeGoods Works,Retail,False,50,0,0,2026-06-10T07:09:41,54.7,B,59.01,B,551,CONDITIONAL REVIEW
SME_00562,Blue Plastic Digital,Manufacturing,False,50,0,0,2026-06-10T07:09:41,55.71,B,60.82,B,639,CONDITIONAL REVIEW
SME_00563,Fresh SMEFinance Foods,FinTech,True,50,0,0,2026-06-10T07:09:41,65.87,B,70.09,A,724,APPROVE
SME_00564,Rapid Warehousing Studio,Logistics,False,50,0,0,2026-06-10T07:09:41,40.23,C,57.79,B,625,FRAUD REVIEW
SME_00565,Nova FleetServices Solutions,Logistics,True,50,0,0,2026-06-10T07:09:41,56.78,B,59.47,B,662,APPROVE
SME_00566,Green SupplyChain Textiles,Logistics,True,50,0,0,2026-06-10T07:09:41,54.28,B,74.41,A,738,APPROVE
SME_00567,Alpha HealthServices Logistics,Healthcare,True,50,0,0,2026-06-10T07:09:41,76.53,A,85.82,A,804,APPROVE
SME_00568,Ever HomeGoods Mart,Retail,False,50,0,0,2026-06-10T07:09:41,44.64,C,63.13,B,621,CONDITIONAL REVIEW
SME_00569,Trust ColdStorage Agro,AgriTech,False,50,0,0,2026-06-10T07:09:41,75.77,A,69.47,B,598,CONDITIONAL REVIEW
SME_00570,Secure ProcessedFood Solutions,Food,False,50,0,0,2026-06-10T07:09:41,42.52,C,59.26,B,586,CONDITIONAL REVIEW
SME_00571,Blue FarmInputs Enterprises,AgriTech,False,50,0,0,2026-06-10T07:09:41,61.77,B,68.11,B,646,CONDITIONAL REVIEW
SME_00572,Rapid Payments Studio,FinTech,True,50,0,0,2026-06-10T07:09:41,77.14,A,84.78,A,802,APPROVE
SME_00573,Green ProcessedFood Traders,Food,False,50,0,0,2026-06-10T07:09:41,59.33,B,68.05,B,649,CONDITIONAL REVIEW
SME_00574,Alpha HealthServices Ventures,Healthcare,True,50,0,0,2026-06-10T07:09:41,52.69,B,67.27,B,704,APPROVE
SME_00575,Ever Fabric Agro,Textile,True,50,0,0,2026-06-10T07:09:41,62.69,B,72.46,A,681,APPROVE
SME_00576,Urban Beverage Enterprises,Food,False,50,0,0,2026-06-10T07:09:41,30.72,C,43.68,C,475,REJECT
SME_00577,Ever Accessories Enterprises,Textile,False,50,0,0,2026-06-10T07:09:41,59.79,B,59.26,B,528,CONDITIONAL REVIEW
SME_00578,Fresh FleetServices Traders,Logistics,False,50,0,0,2026-06-10T07:09:41,66.55,B,66.74,B,616,CONDITIONAL REVIEW
SME_00579,Vertex Garments Care,Textile,False,50,0,0,2026-06-10T07:09:41,41.62,C,63.58,B,620,CONDITIONAL REVIEW
SME_00580,Urban DairySupport Enterprises,AgriTech,True,50,0,0,2026-06-10T07:09:41,79.07,A,81.87,A,755,APPROVE
SME_00581,Smart ProcessedFood Works,Food,False,50,0,0,2026-06-10T07:09:41,43.35,C,60.91,B,587,CONDITIONAL REVIEW
SME_00582,Trust Restaurant Works,Food,False,50,0,0,2026-06-10T07:09:41,53.77,B,60.98,B,612,CONDITIONAL REVIEW
SME_00583,Golden HomeGoods Ventures,Retail,False,50,0,0,2026-06-10T07:09:41,33.63,C,43.29,C,510,FRAUD REVIEW
SME_00584,Nova FarmInputs Foods,AgriTech,False,50,0,0,2026-06-10T07:09:41,38.26,C,49.11,C,521,FRAUD REVIEW
SME_00585,Secure Dyeing Studio,Textile,False,50,0,0,2026-06-10T07:09:41,42.7,C,65.6,B,643,CONDITIONAL REVIEW
SME_00586,Bright FleetServices Traders,Logistics,False,50,0,0,2026-06-10T07:09:41,44.84,C,52.75,B,543,CONDITIONAL REVIEW
SME_00587,Green MetalWorks Partners,Manufacturing,True,50,0,0,2026-06-10T07:09:41,75.92,A,73.49,A,697,APPROVE
SME_00588,Smart ColdStorage Digital,AgriTech,False,50,0,0,2026-06-10T07:09:41,53.48,B,67.01,B,629,CONDITIONAL REVIEW
SME_00589,Smart MetalWorks Works,Manufacturing,False,50,0,0,2026-06-10T07:09:41,49.94,C,62.97,B,653,FRAUD REVIEW
SME_00590,Future Fashion Studio,Retail,False,50,0,0,2026-06-10T07:09:41,74.79,A,72.16,A,637,CONDITIONAL REVIEW
SME_00591,Smart Fabric Agro,Textile,True,50,0,0,2026-06-10T07:09:42,61.31,B,68.58,B,667,APPROVE
SME_00592,Nova Bakery Solutions,Food,False,50,0,0,2026-06-10T07:09:42,49.6,C,53.68,B,506,FRAUD REVIEW
SME_00593,Future Plastic Care,Manufacturing,True,50,0,0,2026-06-10T07:09:42,58.76,B,84.51,A,762,APPROVE
SME_00594,Urban SupplyChain Ventures,Logistics,True,50,0,0,2026-06-10T07:09:42,55.17,B,73.07,A,720,APPROVE
SME_00595,Green HomeGoods Enterprises,Retail,False,50,0,0,2026-06-10T07:09:42,33.96,C,43.38,C,508,FRAUD REVIEW
SME_00596,Bright Plastic Traders,Manufacturing,False,50,0,0,2026-06-10T07:09:42,35.99,C,53.53,B,584,FRAUD REVIEW
SME_00597,Ever HealthServices Textiles,Healthcare,False,50,0,0,2026-06-10T07:09:42,50.62,B,57.23,B,670,FRAUD REVIEW
SME_00598,Vertex SupplyChain Ventures,Logistics,False,50,0,0,2026-06-10T07:09:42,69.53,B,58.32,B,563,CONDITIONAL REVIEW
SME_00599,Golden Accessories Digital,Textile,False,50,0,0,2026-06-10T07:09:42,68.4,B,71.96,A,646,CONDITIONAL REVIEW
SME_00600,Green Delivery Foods,Logistics,True,50,0,0,2026-06-10T07:09:42,67.56,B,66.8,B,672,APPROVE
SME_00601,Secure Bakery Hub,Food,False,50,0,0,2026-06-10T07:09:42,56.37,B,67.58,B,656,CONDITIONAL REVIEW
SME_00602,Vertex Pharmacy Agro,Healthcare,False,50,0,0,2026-06-10T07:09:42,53.16,B,70.65,A,730,FRAUD REVIEW
SME_00603,Vertex Fabric Agro,Textile,False,50,0,0,2026-06-10T07:09:42,45.06,C,50.75,B,534,CONDITIONAL REVIEW
SME_00604,Trust HealthServices Traders,Healthcare,False,50,0,0,2026-06-10T07:09:42,38.07,C,47.65,C,574,CONDITIONAL REVIEW
SME_00605,Trust Fabric Digital,Textile,False,50,0,0,2026-06-10T07:09:42,47.86,C,58.67,B,581,CONDITIONAL REVIEW
SME_00606,Future LendingTech Foods,FinTech,True,50,0,0,2026-06-10T07:09:42,70.41,A,77.16,A,757,APPROVE
SME_00607,Trust Dyeing Textiles,Textile,False,50,0,0,2026-06-10T07:09:42,72.48,A,64.01,B,608,CONDITIONAL REVIEW
SME_00608,Smart HomeGoods Ventures,Retail,True,50,0,0,2026-06-10T07:09:42,63.53,B,81.28,A,772,APPROVE
SME_00609,Nova Pharmacy Textiles,Healthcare,True,50,0,0,2026-06-10T07:09:42,63.87,B,75.87,A,762,APPROVE
SME_00610,Trust Beverage Mart,Food,False,50,0,0,2026-06-10T07:09:42,49.56,C,66.34,B,612,CONDITIONAL REVIEW
SME_00611,Green ProcessedFood Hub,Food,False,50,0,0,2026-06-10T07:09:42,40.18,C,50.8,B,506,FRAUD REVIEW
SME_00612,Golden FleetServices Logistics,Logistics,False,50,0,0,2026-06-10T07:09:42,39.7,C,54.86,B,545,CONDITIONAL REVIEW
SME_00613,Rapid Accessories Agro,Textile,False,50,0,0,2026-06-10T07:09:42,35.08,C,55.03,B,561,CONDITIONAL REVIEW
SME_00614,Trust Dyeing Traders,Textile,False,50,0,0,2026-06-10T07:09:42,31.29,C,49.58,C,508,REJECT
SME_00615,Urban MetalWorks Logistics,Manufacturing,False,50,0,0,2026-06-10T07:09:42,52.96,B,60.42,B,586,FRAUD REVIEW
SME_00616,Vertex Pharmacy Hub,Healthcare,True,50,0,0,2026-06-10T07:09:42,62.42,B,71.22,A,725,APPROVE
SME_00617,Green Diagnostics Partners,Healthcare,True,50,0,0,2026-06-10T07:09:42,49.19,C,68.2,B,675,APPROVE
SME_00618,Golden AgroProcessing Solutions,AgriTech,True,50,0,0,2026-06-10T07:09:42,64.56,B,72.07,A,726,APPROVE
SME_00619,Vertex Electronics Traders,Retail,True,50,0,0,2026-06-10T07:09:42,58.38,B,64.25,B,670,APPROVE
SME_00620,Prime Grocery Mart,Retail,False,50,0,0,2026-06-10T07:09:42,59.74,B,62.74,B,599,CONDITIONAL REVIEW
SME_00621,Rapid Payments Studio,FinTech,False,50,0,0,2026-06-10T07:09:42,54.08,B,63.83,B,639,CONDITIONAL REVIEW
SME_00622,Trust Restaurant Ventures,Food,True,50,0,0,2026-06-10T07:09:43,74.75,A,75.36,A,702,APPROVE
SME_00623,Green Fabric Enterprises,Textile,True,50,0,0,2026-06-10T07:09:43,53.51,B,66.18,B,684,APPROVE
SME_00624,Blue Restaurant Textiles,Food,True,50,0,0,2026-06-10T07:09:43,69.39,B,80.37,A,740,APPROVE
SME_00625,Trust Accessories Traders,Textile,False,50,0,0,2026-06-10T07:09:43,51.14,B,62.7,B,588,CONDITIONAL REVIEW
SME_00626,Trust ProcessedFood Traders,Food,False,50,0,0,2026-06-10T07:09:43,59.58,B,54.84,B,573,CONDITIONAL REVIEW
SME_00627,Rapid LendingTech Hub,FinTech,True,50,0,0,2026-06-10T07:09:43,82.33,A,80.04,A,732,APPROVE
SME_00628,Bright Fashion Care,Retail,False,50,0,0,2026-06-10T07:09:43,55.93,B,54.02,B,589,CONDITIONAL REVIEW
SME_00629,Alpha Restaurant Partners,Food,True,50,0,0,2026-06-10T07:09:43,60.82,B,73.01,A,673,APPROVE
SME_00630,Green LendingTech Works,FinTech,True,50,0,0,2026-06-10T07:09:43,68.01,B,76.42,A,757,APPROVE
SME_00631,Rapid Fabric Digital,Textile,False,50,0,0,2026-06-10T07:09:43,54.2,B,61.5,B,619,CONDITIONAL REVIEW
SME_00632,Bright LendingTech Textiles,FinTech,True,50,0,0,2026-06-10T07:09:43,87.79,A,91.8,A,812,APPROVE
SME_00633,Bright Electronics Mart,Retail,True,50,0,0,2026-06-10T07:09:43,59.72,B,74.43,A,693,APPROVE
SME_00634,Bright ColdStorage Care,AgriTech,False,50,0,0,2026-06-10T07:09:43,61.73,B,61.6,B,576,CONDITIONAL REVIEW
SME_00635,Future Fashion Ventures,Retail,False,50,0,0,2026-06-10T07:09:43,40.05,C,53.84,B,577,CONDITIONAL REVIEW
SME_00636,Rapid Electronics Agro,Retail,True,50,0,0,2026-06-10T07:09:43,65.28,B,76.61,A,735,APPROVE
SME_00637,Prime FleetServices Partners,Logistics,True,50,0,0,2026-06-10T07:09:43,54.3,B,63.36,B,661,APPROVE
SME_00638,Secure Clinic Digital,Healthcare,True,50,0,0,2026-06-10T07:09:43,72.81,A,73.51,A,709,APPROVE
SME_00639,Vertex Payments Partners,FinTech,True,50,0,0,2026-06-10T07:09:43,52.95,B,64.63,B,694,APPROVE
SME_00640,Alpha Dyeing Enterprises,Textile,False,50,0,0,2026-06-10T07:09:43,46.67,C,65.87,B,630,CONDITIONAL REVIEW
SME_00641,Bright Diagnostics Textiles,Healthcare,True,50,0,0,2026-06-10T07:09:43,51.28,B,71.42,A,682,APPROVE
SME_00642,Smart SMEFinance Partners,FinTech,True,50,0,0,2026-06-10T07:09:43,63.47,B,81.25,A,794,APPROVE
SME_00643,Smart Fashion Mart,Retail,False,50,0,0,2026-06-10T07:09:43,35.88,C,56.91,B,586,FRAUD REVIEW
SME_00644,Secure LightManufacturing Hub,Manufacturing,True,50,0,0,2026-06-10T07:09:43,83.47,A,83.86,A,783,APPROVE
SME_00645,Nova FleetServices Logistics,Logistics,False,50,0,0,2026-06-10T07:09:43,68.22,B,69.75,B,651,CONDITIONAL REVIEW
SME_00646,Blue Accessories Traders,Textile,False,50,0,0,2026-06-10T07:09:43,47.25,C,66.55,B,655,CONDITIONAL REVIEW
SME_00647,Ever HomeGoods Digital,Retail,True,50,0,0,2026-06-10T07:09:43,53.39,B,70.61,A,709,APPROVE
SME_00648,Golden Beverage Care,Food,False,50,0,0,2026-06-10T07:09:43,61.56,B,61.28,B,650,CONDITIONAL REVIEW
SME_00649,Alpha FleetServices Hub,Logistics,True,50,0,0,2026-06-10T07:09:43,64.69,B,79.02,A,742,APPROVE
SME_00650,Trust Electronics Mart,Retail,True,50,0,0,2026-06-10T07:09:43,62.48,B,64.83,B,680,APPROVE
SME_00651,Urban AgroProcessing Agro,AgriTech,True,50,0,0,2026-06-10T07:09:43,61.92,B,65.75,B,658,APPROVE
SME_00652,Fresh Dyeing Studio,Textile,False,50,0,0,2026-06-10T07:09:43,49.84,C,58.43,B,595,CONDITIONAL REVIEW
SME_00653,Smart SupplyChain Works,Logistics,False,50,0,0,2026-06-10T07:09:43,47.01,C,56.18,B,618,CONDITIONAL REVIEW
SME_00654,Bright LightManufacturing Care,Manufacturing,True,50,0,0,2026-06-10T07:09:44,71.84,A,82.91,A,785,APPROVE
SME_00655,Golden Garments Enterprises,Textile,False,50,0,0,2026-06-10T07:09:44,34.49,C,43.94,C,477,FRAUD REVIEW
SME_00656,Alpha DairySupport Enterprises,AgriTech,True,50,0,0,2026-06-10T07:09:44,69.72,B,67.43,B,669,APPROVE
SME_00657,Green Accessories Solutions,Textile,False,50,0,0,2026-06-10T07:09:44,25.38,D,39.61,C,425,FRAUD REVIEW
SME_00658,Trust LightManufacturing Care,Manufacturing,False,50,0,0,2026-06-10T07:09:44,61.03,B,59.6,B,650,CONDITIONAL REVIEW
SME_00659,Blue Delivery Digital,Logistics,True,50,0,0,2026-06-10T07:09:44,60.21,B,82.16,A,729,APPROVE
SME_00660,Fresh FarmInputs Care,AgriTech,True,50,0,0,2026-06-10T07:09:44,77.65,A,80.38,A,692,APPROVE
SME_00661,Golden Plastic Works,Manufacturing,True,50,0,0,2026-06-10T07:09:44,43.91,C,59.19,B,661,APPROVE
SME_00662,Nova Dyeing Enterprises,Textile,False,50,0,0,2026-06-10T07:09:44,46.39,C,62.84,B,605,CONDITIONAL REVIEW
SME_00663,Golden LightManufacturing Solutions,Manufacturing,False,50,0,0,2026-06-10T07:09:44,38.93,C,48.34,C,578,FRAUD REVIEW
SME_00664,Urban Electronics Traders,Retail,True,50,0,0,2026-06-10T07:09:44,68.88,B,83.45,A,743,APPROVE
SME_00665,Urban AgroProcessing Foods,AgriTech,False,50,0,0,2026-06-10T07:09:44,46.32,C,64.04,B,624,CONDITIONAL REVIEW
SME_00666,Alpha HealthServices Foods,Healthcare,False,50,0,0,2026-06-10T07:09:44,52.88,B,60.36,B,642,CONDITIONAL REVIEW
SME_00667,Blue AccountingTech Partners,FinTech,True,50,0,0,2026-06-10T07:09:44,89.13,A,90.85,A,793,APPROVE
SME_00668,Golden Accessories Hub,Textile,False,50,0,0,2026-06-10T07:09:44,60.57,B,55.56,B,544,CONDITIONAL REVIEW
SME_00669,Bright Packaging Traders,Manufacturing,False,50,0,0,2026-06-10T07:09:44,43.88,C,47.88,C,575,CONDITIONAL REVIEW
SME_00670,Future DairySupport Agro,AgriTech,False,50,0,0,2026-06-10T07:09:44,57.35,B,54.54,B,585,CONDITIONAL REVIEW
SME_00671,Blue Grocery Partners,Retail,False,50,0,0,2026-06-10T07:09:44,70.53,A,72.18,A,655,CONDITIONAL REVIEW
SME_00672,Green SupplyChain Works,Logistics,False,50,0,0,2026-06-10T07:09:44,60.17,B,63.66,B,648,CONDITIONAL REVIEW
SME_00673,Golden Dyeing Partners,Textile,False,50,0,0,2026-06-10T07:09:44,50.57,B,71.21,A,650,CONDITIONAL REVIEW
SME_00674,Green Clinic Enterprises,Healthcare,True,50,0,0,2026-06-10T07:09:44,69.64,B,72.73,A,718,APPROVE
SME_00675,Smart Delivery Works,Logistics,False,50,0,0,2026-06-10T07:09:44,44.43,C,51.6,B,567,FRAUD REVIEW
SME_00676,Blue FarmInputs Solutions,AgriTech,False,50,0,0,2026-06-10T07:09:44,61.97,B,68.94,B,641,CONDITIONAL REVIEW
SME_00677,Urban Fabric Hub,Textile,False,50,0,0,2026-06-10T07:09:44,30.25,C,39.13,C,431,REJECT
SME_00678,Golden ProcessedFood Ventures,Food,False,50,0,0,2026-06-10T07:09:44,44.93,C,61.48,B,603,CONDITIONAL REVIEW
SME_00679,Golden Fashion Enterprises,Retail,False,50,0,0,2026-06-10T07:09:44,52.37,B,60.46,B,581,CONDITIONAL REVIEW
SME_00680,Vertex FarmInputs Logistics,AgriTech,True,50,0,0,2026-06-10T07:09:44,54.06,B,64.04,B,658,APPROVE
SME_00681,Rapid Electronics Studio,Retail,True,50,0,0,2026-06-10T07:09:44,64.61,B,75.2,A,722,APPROVE
SME_00682,Golden Plastic Partners,Manufacturing,True,50,0,0,2026-06-10T07:09:44,51.04,B,69.02,B,674,APPROVE
SME_00683,Bright Fashion Ventures,Retail,False,50,0,0,2026-06-10T07:09:44,44.81,C,60.54,B,583,CONDITIONAL REVIEW
SME_00684,Rapid Restaurant Partners,Food,False,50,0,0,2026-06-10T07:09:44,64.38,B,62.77,B,604,CONDITIONAL REVIEW
SME_00685,Blue Delivery Solutions,Logistics,True,50,0,0,2026-06-10T07:09:44,72.03,A,73.49,A,678,APPROVE
SME_00686,Golden DairySupport Care,AgriTech,False,50,0,0,2026-06-10T07:09:45,50.07,B,44.42,C,525,CONDITIONAL REVIEW
SME_00687,Prime Beverage Textiles,Food,False,50,0,0,2026-06-10T07:09:45,61.57,B,71.64,A,649,CONDITIONAL REVIEW
SME_00688,Secure Accessories Hub,Textile,False,50,0,0,2026-06-10T07:09:45,25.6,D,43.31,C,464,FRAUD REVIEW
SME_00689,Smart Pharmacy Textiles,Healthcare,False,50,0,0,2026-06-10T07:09:45,54.81,B,72.62,A,739,FRAUD REVIEW
SME_00690,Urban Bakery Textiles,Food,True,50,0,0,2026-06-10T07:09:45,58.03,B,63.51,B,663,APPROVE
SME_00691,Blue Plastic Solutions,Manufacturing,True,50,0,0,2026-06-10T07:09:45,58.27,B,67.66,B,691,APPROVE
SME_00692,Smart Dyeing Agro,Textile,False,50,0,0,2026-06-10T07:09:45,60.34,B,64.92,B,659,FRAUD REVIEW
SME_00693,Nova MetalWorks Hub,Manufacturing,False,50,0,0,2026-06-10T07:09:45,61.29,B,66.76,B,688,FRAUD REVIEW
SME_00694,Vertex DairySupport Logistics,AgriTech,False,50,0,0,2026-06-10T07:09:45,38.8,C,40.8,C,485,FRAUD REVIEW
SME_00695,Vertex Garments Agro,Textile,False,50,0,0,2026-06-10T07:09:45,46.19,C,58.94,B,590,CONDITIONAL REVIEW
SME_00696,Ever Restaurant Hub,Food,False,50,0,0,2026-06-10T07:09:45,47.79,C,57.63,B,600,CONDITIONAL REVIEW
SME_00697,Bright Pharmacy Digital,Healthcare,False,50,0,0,2026-06-10T07:09:45,74.07,A,67.1,B,715,FRAUD REVIEW
SME_00698,Nova Warehousing Enterprises,Logistics,False,50,0,0,2026-06-10T07:09:45,49.33,C,51.61,B,589,FRAUD REVIEW
SME_00699,Prime SupplyChain Works,Logistics,True,50,0,0,2026-06-10T07:09:45,70.03,A,82.67,A,773,APPROVE
SME_00700,Green LightManufacturing Works,Manufacturing,True,50,0,0,2026-06-10T07:09:45,58.64,B,76.17,A,716,APPROVE
SME_00701,Trust Plastic Digital,Manufacturing,True,50,0,0,2026-06-10T07:09:45,50.86,B,62.89,B,683,APPROVE
SME_00702,Prime FarmInputs Textiles,AgriTech,False,50,0,0,2026-06-10T07:09:45,46.78,C,57.24,B,541,CONDITIONAL REVIEW
SME_00703,Prime Grocery Logistics,Retail,False,50,0,0,2026-06-10T07:09:45,67.71,B,70.07,A,653,CONDITIONAL REVIEW
SME_00704,Fresh Fabric Textiles,Textile,False,50,0,0,2026-06-10T07:09:45,34.89,C,60.31,B,595,FRAUD REVIEW
SME_00705,Smart LightManufacturing Studio,Manufacturing,False,50,0,0,2026-06-10T07:09:45,55.98,B,72.29,A,642,CONDITIONAL REVIEW
SME_00706,Trust Bakery Digital,Food,False,50,0,0,2026-06-10T07:09:45,47.03,C,60.48,B,570,CONDITIONAL REVIEW
SME_00707,Blue AccountingTech Traders,FinTech,True,50,0,0,2026-06-10T07:09:45,77.18,A,81.37,A,748,APPROVE
SME_00708,Green LendingTech Foods,FinTech,True,50,0,0,2026-06-10T07:09:45,45.99,C,64.76,B,703,APPROVE
SME_00709,Nova ProcessedFood Studio,Food,False,50,0,0,2026-06-10T07:09:45,43.86,C,51.92,B,544,CONDITIONAL REVIEW
SME_00710,Urban Beverage Traders,Food,False,50,0,0,2026-06-10T07:09:45,44.56,C,65.67,B,644,FRAUD REVIEW
SME_00711,Ever Garments Textiles,Textile,False,50,0,0,2026-06-10T07:09:45,49.55,C,62.63,B,589,CONDITIONAL REVIEW
SME_00712,Trust SupplyChain Enterprises,Logistics,False,50,0,0,2026-06-10T07:09:45,51.35,B,48.82,C,552,CONDITIONAL REVIEW
SME_00713,Prime LendingTech Mart,FinTech,True,50,0,0,2026-06-10T07:09:45,72.17,A,82.24,A,794,APPROVE
SME_00714,Blue Accessories Traders,Textile,True,50,0,0,2026-06-10T07:09:45,72.65,A,84.32,A,766,APPROVE
SME_00715,Future LendingTech Logistics,FinTech,False,50,0,0,2026-06-10T07:09:46,44.34,C,60.87,B,641,CONDITIONAL REVIEW
SME_00716,Green Packaging Care,Manufacturing,False,50,0,0,2026-06-10T07:09:46,38.32,C,56.94,B,621,CONDITIONAL REVIEW
SME_00717,Smart Beverage Agro,Food,True,50,0,0,2026-06-10T07:09:46,67.36,B,88.38,A,731,APPROVE
SME_00718,Ever Fashion Care,Retail,False,50,0,0,2026-06-10T07:09:46,47.81,C,47.88,C,560,CONDITIONAL REVIEW
SME_00719,Rapid Delivery Studio,Logistics,False,50,0,0,2026-06-10T07:09:46,55.25,B,51.87,B,591,CONDITIONAL REVIEW
SME_00720,Future Accessories Studio,Textile,False,50,0,0,2026-06-10T07:09:46,45.23,C,66.07,B,575,CONDITIONAL REVIEW
SME_00721,Ever ProcessedFood Logistics,Food,False,50,0,0,2026-06-10T07:09:46,47.69,C,62.81,B,649,FRAUD REVIEW
SME_00722,Smart ProcessedFood Textiles,Food,False,50,0,0,2026-06-10T07:09:46,40.69,C,51.03,B,518,FRAUD REVIEW
SME_00723,Nova Fashion Partners,Retail,True,50,0,0,2026-06-10T07:09:46,64.23,B,72.54,A,684,APPROVE
SME_00724,Ever Garments Hub,Textile,False,50,0,0,2026-06-10T07:09:46,54.38,B,59.07,B,592,FRAUD REVIEW
SME_00725,Golden Electronics Traders,Retail,True,50,0,0,2026-06-10T07:09:46,60.85,B,73.41,A,716,APPROVE
SME_00726,Ever Fashion Agro,Retail,False,50,0,0,2026-06-10T07:09:46,43.59,C,52.75,B,571,FRAUD REVIEW
SME_00727,Rapid MetalWorks Solutions,Manufacturing,True,50,0,0,2026-06-10T07:09:46,67.73,B,77.68,A,708,APPROVE
SME_00728,Fresh Fashion Digital,Retail,False,50,0,0,2026-06-10T07:09:46,41.39,C,53.98,B,592,FRAUD REVIEW
SME_00729,Fresh Restaurant Mart,Food,False,50,0,0,2026-06-10T07:09:46,39.84,C,53.88,B,568,FRAUD REVIEW
SME_00730,Urban Beverage Foods,Food,False,50,0,0,2026-06-10T07:09:46,70.15,A,70.78,A,643,CONDITIONAL REVIEW
SME_00731,Smart DairySupport Logistics,AgriTech,False,50,0,0,2026-06-10T07:09:46,56.92,B,60.58,B,599,FRAUD REVIEW
SME_00732,Future Grocery Textiles,Retail,False,50,0,0,2026-06-10T07:09:46,47.03,C,56.96,B,626,CONDITIONAL REVIEW
SME_00733,Blue Electronics Works,Retail,False,50,0,0,2026-06-10T07:09:46,28.76,D,42.44,C,472,REJECT
SME_00734,Fresh DairySupport Digital,AgriTech,False,50,0,0,2026-06-10T07:09:46,58.63,B,54.76,B,584,CONDITIONAL REVIEW
SME_00735,Blue HomeGoods Partners,Retail,False,50,0,0,2026-06-10T07:09:46,50.5,B,60.44,B,589,CONDITIONAL REVIEW
SME_00736,Nova Clinic Digital,Healthcare,True,50,0,0,2026-06-10T07:09:46,68.8,B,84.77,A,830,APPROVE
SME_00737,Future Packaging Agro,Manufacturing,False,50,0,0,2026-06-10T07:09:46,45.22,C,66.91,B,640,CONDITIONAL REVIEW
SME_00738,Green MetalWorks Foods,Manufacturing,True,50,0,0,2026-06-10T07:09:46,68.07,B,75.73,A,749,APPROVE
SME_00739,Ever DairySupport Enterprises,AgriTech,False,50,0,0,2026-06-10T07:09:46,43.89,C,54.11,B,539,CONDITIONAL REVIEW
SME_00740,Vertex ProcessedFood Ventures,Food,True,50,0,0,2026-06-10T07:09:46,71.27,A,69.8,B,658,APPROVE
SME_00741,Golden Grocery Studio,Retail,False,50,0,0,2026-06-10T07:09:46,35.45,C,58.61,B,605,FRAUD REVIEW
SME_00742,Trust Fashion Textiles,Retail,False,50,0,0,2026-06-10T07:09:46,35.37,C,52.77,B,519,REJECT
SME_00743,Golden Fabric Textiles,Textile,False,50,0,0,2026-06-10T07:09:46,31.09,C,43.31,C,454,FRAUD REVIEW
SME_00744,Bright Grocery Traders,Retail,False,50,0,0,2026-06-10T07:09:46,36.63,C,53.22,B,562,FRAUD REVIEW
SME_00745,Fresh Beverage Enterprises,Food,False,50,0,0,2026-06-10T07:09:47,42.63,C,59.84,B,586,FRAUD REVIEW
SME_00746,Urban Beverage Ventures,Food,True,50,0,0,2026-06-10T07:09:47,57.52,B,80.57,A,717,APPROVE
SME_00747,Future ColdStorage Works,AgriTech,False,50,0,0,2026-06-10T07:09:47,43.28,C,48.52,C,503,FRAUD REVIEW
SME_00748,Golden Beverage Hub,Food,False,50,0,0,2026-06-10T07:09:47,28.66,D,43.24,C,440,REJECT
SME_00749,Secure Payments Works,FinTech,True,50,0,0,2026-06-10T07:09:47,89.12,A,91.17,A,802,APPROVE
SME_00750,Secure SMEFinance Foods,FinTech,True,50,0,0,2026-06-10T07:09:47,67.64,B,75.76,A,760,APPROVE
SME_00751,Golden LightManufacturing Traders,Manufacturing,False,50,0,0,2026-06-10T07:09:47,53.25,B,54.47,B,512,REJECT
SME_00752,Smart ColdStorage Care,AgriTech,False,50,0,0,2026-06-10T07:09:47,45.04,C,55.59,B,563,CONDITIONAL REVIEW
SME_00753,Alpha MetalWorks Digital,Manufacturing,True,50,0,0,2026-06-10T07:09:47,54.55,B,73.66,A,730,APPROVE
SME_00754,Bright ProcessedFood Partners,Food,True,50,0,0,2026-06-10T07:09:47,63.05,B,68.87,B,699,APPROVE
SME_00755,Future Clinic Enterprises,Healthcare,True,50,0,0,2026-06-10T07:09:47,70.39,A,81.62,A,789,APPROVE
SME_00756,Nova Packaging Partners,Manufacturing,True,50,0,0,2026-06-10T07:09:47,63.94,B,70.07,A,667,APPROVE
SME_00757,Fresh AgroProcessing Hub,AgriTech,False,50,0,0,2026-06-10T07:09:47,52.86,B,52.29,B,584,CONDITIONAL REVIEW
SME_00758,Prime Accessories Works,Textile,False,50,0,0,2026-06-10T07:09:47,76.06,A,66.49,B,624,CONDITIONAL REVIEW
SME_00759,Ever HomeGoods Foods,Retail,False,50,0,0,2026-06-10T07:09:47,42.11,C,45.42,C,544,FRAUD REVIEW
SME_00760,Nova Bakery Ventures,Food,False,50,0,0,2026-06-10T07:09:47,35.48,C,49.91,C,499,REJECT
SME_00761,Secure Diagnostics Mart,Healthcare,True,50,0,0,2026-06-10T07:09:47,78.08,A,79.66,A,755,APPROVE
SME_00762,Nova Grocery Hub,Retail,False,50,0,0,2026-06-10T07:09:47,55.42,B,64.13,B,624,CONDITIONAL REVIEW
SME_00763,Golden HomeGoods Partners,Retail,False,50,0,0,2026-06-10T07:09:47,44.18,C,49.81,C,571,CONDITIONAL REVIEW
SME_00764,Fresh HomeGoods Logistics,Retail,False,50,0,0,2026-06-10T07:09:47,56.64,B,64.07,B,598,CONDITIONAL REVIEW
SME_00765,Trust Garments Hub,Textile,False,50,0,0,2026-06-10T07:09:47,50.27,B,64.14,B,617,CONDITIONAL REVIEW
SME_00766,Rapid Electronics Works,Retail,False,50,0,0,2026-06-10T07:09:47,35.82,C,48.82,C,504,FRAUD REVIEW
SME_00767,Smart MetalWorks Agro,Manufacturing,False,50,0,0,2026-06-10T07:09:47,65.47,B,57.83,B,598,CONDITIONAL REVIEW
SME_00768,Nova Electronics Ventures,Retail,True,50,0,0,2026-06-10T07:09:47,69.26,B,73.96,A,661,APPROVE
SME_00769,Nova Grocery Foods,Retail,True,50,0,0,2026-06-10T07:09:47,54.07,B,65.32,B,688,APPROVE
SME_00770,Blue SupplyChain Studio,Logistics,False,50,0,0,2026-06-10T07:09:47,33.4,C,44.17,C,527,CONDITIONAL REVIEW
SME_00771,Smart Packaging Mart,Manufacturing,True,50,0,0,2026-06-10T07:09:47,78.2,A,80.66,A,697,APPROVE
SME_00772,Nova Bakery Traders,Food,False,50,0,0,2026-06-10T07:09:47,45.21,C,64.81,B,631,CONDITIONAL REVIEW
SME_00773,Prime Delivery Partners,Logistics,True,50,0,0,2026-06-10T07:09:48,78.73,A,80.58,A,742,APPROVE
SME_00774,Rapid AccountingTech Studio,FinTech,True,50,0,0,2026-06-10T07:09:48,70.11,A,74.62,A,695,APPROVE
SME_00775,Alpha Electronics Textiles,Retail,True,50,0,0,2026-06-10T07:09:48,80.74,A,82.75,A,710,APPROVE
SME_00776,Green Dyeing Agro,Textile,True,50,0,0,2026-06-10T07:09:48,69.58,B,83.87,A,740,APPROVE
SME_00777,Urban Delivery Agro,Logistics,True,50,0,0,2026-06-10T07:09:48,79.5,A,88.1,A,730,APPROVE
SME_00778,Vertex HomeGoods Mart,Retail,False,50,0,0,2026-06-10T07:09:48,55.06,B,62.98,B,607,CONDITIONAL REVIEW
SME_00779,Ever Payments Hub,FinTech,True,50,0,0,2026-06-10T07:09:48,55.15,B,67.93,B,703,APPROVE
SME_00780,Urban Fabric Logistics,Textile,False,50,0,0,2026-06-10T07:09:48,40.68,C,56.1,B,575,CONDITIONAL REVIEW
SME_00781,Secure LightManufacturing Mart,Manufacturing,False,50,0,0,2026-06-10T07:09:48,49.89,C,61.58,B,609,CONDITIONAL REVIEW
SME_00782,Vertex Accessories Textiles,Textile,False,50,0,0,2026-06-10T07:09:48,53.65,B,62.56,B,598,CONDITIONAL REVIEW
SME_00783,Urban Bakery Partners,Food,False,50,0,0,2026-06-10T07:09:48,41.27,C,52.83,B,537,FRAUD REVIEW
SME_00784,Secure Warehousing Ventures,Logistics,False,50,0,0,2026-06-10T07:09:48,46.76,C,51.98,B,609,CONDITIONAL REVIEW
SME_00785,Rapid Accessories Ventures,Textile,False,50,0,0,2026-06-10T07:09:48,57.37,B,55.65,B,550,FRAUD REVIEW
SME_00786,Future ColdStorage Agro,AgriTech,False,50,0,0,2026-06-10T07:09:48,56.57,B,67.17,B,624,CONDITIONAL REVIEW
SME_00787,Alpha LendingTech Studio,FinTech,False,50,0,0,2026-06-10T07:09:48,54.71,B,68.67,B,726,FRAUD REVIEW
SME_00788,Urban DairySupport Textiles,AgriTech,False,50,0,0,2026-06-10T07:09:48,59.11,B,59.28,B,587,CONDITIONAL REVIEW
SME_00789,Ever SMEFinance Hub,FinTech,True,50,0,0,2026-06-10T07:09:48,70.34,A,80.16,A,761,APPROVE
SME_00790,Ever SupplyChain Mart,Logistics,False,50,0,0,2026-06-10T07:09:48,38.09,C,43.88,C,507,FRAUD REVIEW
SME_00791,Prime Plastic Textiles,Manufacturing,False,50,0,0,2026-06-10T07:09:48,55.81,B,69.3,B,643,CONDITIONAL REVIEW
SME_00792,Blue Beverage Hub,Food,False,50,0,0,2026-06-10T07:09:48,30.06,C,43.0,C,455,REJECT
SME_00793,Urban FarmInputs Enterprises,AgriTech,True,50,0,0,2026-06-10T07:09:48,77.78,A,77.15,A,750,APPROVE
SME_00794,Prime HomeGoods Enterprises,Retail,True,50,0,0,2026-06-10T07:09:48,58.12,B,76.94,A,678,APPROVE
SME_00795,Secure Electronics Foods,Retail,True,50,0,0,2026-06-10T07:09:48,56.23,B,85.49,A,764,APPROVE
SME_00796,Rapid FarmInputs Solutions,AgriTech,False,50,0,0,2026-06-10T07:09:48,69.32,B,65.76,B,639,CONDITIONAL REVIEW
SME_00797,Green Fashion Digital,Retail,False,50,0,0,2026-06-10T07:09:48,39.47,C,57.52,B,600,CONDITIONAL REVIEW
SME_00798,Secure Grocery Hub,Retail,False,50,0,0,2026-06-10T07:09:48,45.45,C,66.32,B,683,FRAUD REVIEW
SME_00799,Fresh HealthServices Care,Healthcare,False,50,0,0,2026-06-10T07:09:48,48.2,C,60.11,B,595,CONDITIONAL REVIEW
SME_00800,Prime Pharmacy Studio,Healthcare,True,50,0,0,2026-06-10T07:09:48,68.76,B,73.63,A,743,APPROVE
